#
# There is insufficient memory for the Java Runtime Environment to continue.
# Native memory allocation (malloc) failed to allocate 1084976 bytes. Error detail: Chunk::new
# Possible reasons:
#   The system is out of physical RAM or swap space
#   This process is running with CompressedOops enabled, and the Java Heap may be blocking the growth of the native heap
# Possible solutions:
#   Reduce memory load on the system
#   Increase physical memory or swap space
#   Check if swap backing store is full
#   Decrease Java heap size (-Xmx/-Xms)
#   Decrease number of Java threads
#   Decrease Java thread stack sizes (-Xss)
#   Set larger code cache with -XX:ReservedCodeCacheSize=
#   JVM is running with Unscaled Compressed Oops mode in which the Java heap is
#     placed in the first 4GB address space. The Java Heap base address is the
#     maximum limit for the native heap growth. Please use -XX:HeapBaseMinAddress
#     to set the Java Heap base and to place the Java Heap above 4GB virtual address.
# This output file may be truncated or incomplete.
#
#  Out of Memory Error (arena.cpp:191), pid=8440, tid=31524
#
# JRE version: OpenJDK Runtime Environment Temurin-17.0.20.1+1 (17.0.20.1+1) (build 17.0.20.1+1)
# Java VM: OpenJDK 64-Bit Server VM Temurin-17.0.20.1+1 (17.0.20.1+1, mixed mode, sharing, tiered, compressed oops, compressed class ptrs, g1 gc, windows-amd64)
# No core dump will be written. Minidumps are not enabled by default on client versions of Windows
#

---------------  S U M M A R Y ------------

Command Line: --add-opens=java.base/java.lang=ALL-UNNAMED --add-opens=java.base/java.lang.invoke=ALL-UNNAMED --add-opens=java.base/java.util=ALL-UNNAMED --add-opens=java.prefs/java.util.prefs=ALL-UNNAMED --add-exports=jdk.compiler/com.sun.tools.javac.api=ALL-UNNAMED --add-exports=jdk.compiler/com.sun.tools.javac.util=ALL-UNNAMED --add-opens=java.base/java.util=ALL-UNNAMED --add-opens=java.prefs/java.util.prefs=ALL-UNNAMED --add-opens=java.base/java.nio.charset=ALL-UNNAMED --add-opens=java.base/java.net=ALL-UNNAMED --add-opens=java.base/java.util.concurrent.atomic=ALL-UNNAMED --add-opens=java.xml/javax.xml.namespace=ALL-UNNAMED -Xmx2g -Dfile.encoding=UTF-8 -Duser.country=CN -Duser.language=zh -Duser.variant -javaagent:C:\Users\ch6vip\.gradle\wrapper\dists\gradle-8.12-bin\cetblhg4pflnnks72fxwobvgv\gradle-8.12\lib\agents\gradle-instrumentation-agent-8.12.jar org.gradle.launcher.daemon.bootstrap.GradleDaemon 8.12

Host: Intel(R) Core(TM) i5-8250U CPU @ 1.60GHz, 8 cores, 7G,  Windows 11 , 64 bit Build 26100 (10.0.26100.9444)
Time: Sun Oct  4 23:52:09 2026  Windows 11 , 64 bit Build 26100 (10.0.26100.9444) elapsed time: 11664.687241 seconds (0d 3h 14m 24s)

---------------  T H R E A D  ---------------

Current thread (0x0000017facd3e940):  JavaThread "C2 CompilerThread0" daemon [_thread_in_native, id=31524, stack(0x0000004b73e00000,0x0000004b73f00000)]


Current CompileTask:
C2:11664687 105412   !   4       org.jetbrains.kotlin.fir.resolve.transformers.body.resolve.FirAbstractBodyResolveTransformerDispatcher::transformTypeRef (624 bytes)

Stack: [0x0000004b73e00000,0x0000004b73f00000]
Native frames: (J=compiled Java code, j=interpreted, Vv=VM code, C=native code)
V  [jvm.dll+0x684d39]
V  [jvm.dll+0x83a565]
V  [jvm.dll+0x83bfde]
V  [jvm.dll+0x83c663]
V  [jvm.dll+0x2490cf]
V  [jvm.dll+0xad536]
V  [jvm.dll+0xadbdc]
V  [jvm.dll+0x368d6f]
V  [jvm.dll+0x1bc539]
V  [jvm.dll+0x21a030]
V  [jvm.dll+0x21931f]
V  [jvm.dll+0x1a49e0]
V  [jvm.dll+0x229a6a]
V  [jvm.dll+0x227c1b]
V  [jvm.dll+0x7f0d18]
V  [jvm.dll+0x7eb17c]
V  [jvm.dll+0x683c07]
C  [ucrtbase.dll+0x2cd30]
C  [KERNEL32.DLL+0x2cd87]
C  [ntdll.dll+0xacaec]


---------------  P R O C E S S  ---------------

Threads class SMR info:
_java_thread_list=0x0000017ff8261b90, length=114, elements={
0x0000017f8ce83120, 0x0000017facd06d20, 0x0000017facd0a810, 0x0000017facd21970,
0x0000017facd24250, 0x0000017facd24b20, 0x0000017facd27400, 0x0000017facd3e940,
0x0000017fad418a20, 0x0000017fad41e890, 0x0000017faccf49b0, 0x0000017fad67e420,
0x0000017ff3b63710, 0x0000017ff4d06030, 0x0000017ff4c18ce0, 0x0000017ff43786a0,
0x0000017ff4377260, 0x0000017ff4377770, 0x0000017ff4376330, 0x0000017ff61b0b20,
0x0000017ff61af6e0, 0x0000017ff64138f0, 0x0000017ff5b27f90, 0x0000017ff5d6a380,
0x0000017ff5d6d110, 0x0000017ff55d6100, 0x0000017ff55d4cc0, 0x0000017ff8fd13d0,
0x0000017ff5e9bc50, 0x0000017ffe758fe0, 0x0000017ffe756250, 0x0000017ff5e9c160,
0x0000017ff5e9e4d0, 0x0000017ffe755d40, 0x0000017ff61b1a50, 0x0000017ffebbe250,
0x0000017ff61b1030, 0x00000180017e8330, 0x0000017ff7dba580, 0x0000017ff7dbaa90,
0x0000017ff7dbb9c0, 0x0000017ff7dbbed0, 0x0000017ff7dbc3e0, 0x0000017ff7dbc8f0,
0x00000180072ff9e0, 0x00000180072fefc0, 0x0000018007301840, 0x00000180072ffef0,
0x0000018001ea37e0, 0x0000018001ea28b0, 0x0000018001ea2dc0, 0x0000018001ea4c20,
0x0000017ff8fcff90, 0x0000017ff7dbce00, 0x0000017ff7dbd310, 0x0000017ff7dbd820,
0x00000180069e9f30, 0x00000180069ea440, 0x0000017ff32cb1e0, 0x0000017ff32cbc00,
0x0000017ff32cb6f0, 0x0000017ff32cc110, 0x0000017ff32ccb30, 0x0000018001ea23a0,
0x0000017ff8fd04a0, 0x0000017ff8fd18e0, 0x0000017fff08d810, 0x0000017fffd1e9b0,
0x0000017fffd1e4a0, 0x0000017fffd1f3d0, 0x0000017fffd1eec0, 0x0000017ff61ae2a0,
0x0000017ff32cc620, 0x00000180069e6c90, 0x0000018007301330, 0x0000018007301d50,
0x00000180072feab0, 0x00000180072fe5a0, 0x0000017ffe755830, 0x0000017ffe756c70,
0x0000017ffe757ba0, 0x0000017ff61afbf0, 0x0000017ffe756760, 0x0000017ffe7585c0,
0x00000180018b60c0, 0x0000017ff5e9dab0, 0x0000017ff5e9f400, 0x0000017ff5e9c670,
0x0000017ff5e9e9e0, 0x0000017ff5e9cb80, 0x0000017ff61b0100, 0x0000017fffd1fdf0,
0x0000017ff61b1540, 0x0000017ff61b1f60, 0x0000017ff61b2470, 0x0000018000b92880,
0x0000018000b941d0, 0x00000180072ff4d0, 0x0000018007300400, 0x0000017ff5e9dfc0,
0x0000018007300e20, 0x0000018007300910, 0x00000180015b8940, 0x00000180015b8e50,
0x00000180015b9870, 0x0000017ff61aecc0, 0x0000018001ea3cf0, 0x0000018001ea4200,
0x0000017ff97cc290, 0x0000018000b92370, 0x0000017fffd20300, 0x0000017ff61b2980,
0x0000017ffebf1e90, 0x000001800a953bc0
}

Java Threads: ( => current thread )
  0x0000017f8ce83120 JavaThread "main" [_thread_blocked, id=12300, stack(0x0000004b73100000,0x0000004b73200000)]
  0x0000017facd06d20 JavaThread "Reference Handler" daemon [_thread_blocked, id=31668, stack(0x0000004b73800000,0x0000004b73900000)]
  0x0000017facd0a810 JavaThread "Finalizer" daemon [_thread_blocked, id=17896, stack(0x0000004b73900000,0x0000004b73a00000)]
  0x0000017facd21970 JavaThread "Signal Dispatcher" daemon [_thread_blocked, id=25628, stack(0x0000004b73a00000,0x0000004b73b00000)]
  0x0000017facd24250 JavaThread "Attach Listener" daemon [_thread_blocked, id=18012, stack(0x0000004b73b00000,0x0000004b73c00000)]
  0x0000017facd24b20 JavaThread "Service Thread" daemon [_thread_blocked, id=4312, stack(0x0000004b73c00000,0x0000004b73d00000)]
  0x0000017facd27400 JavaThread "Monitor Deflation Thread" daemon [_thread_blocked, id=23224, stack(0x0000004b73d00000,0x0000004b73e00000)]
=>0x0000017facd3e940 JavaThread "C2 CompilerThread0" daemon [_thread_in_native, id=31524, stack(0x0000004b73e00000,0x0000004b73f00000)]
  0x0000017fad418a20 JavaThread "C1 CompilerThread0" daemon [_thread_blocked, id=24188, stack(0x0000004b73f00000,0x0000004b74000000)]
  0x0000017fad41e890 JavaThread "Sweeper thread" daemon [_thread_blocked, id=1512, stack(0x0000004b74000000,0x0000004b74100000)]
  0x0000017faccf49b0 JavaThread "Common-Cleaner" daemon [_thread_blocked, id=14828, stack(0x0000004b74100000,0x0000004b74200000)]
  0x0000017fad67e420 JavaThread "Notification Thread" daemon [_thread_blocked, id=10472, stack(0x0000004b74200000,0x0000004b74300000)]
  0x0000017ff3b63710 JavaThread "Daemon health stats" [_thread_blocked, id=11208, stack(0x0000004b74500000,0x0000004b74600000)]
  0x0000017ff4d06030 JavaThread "Incoming local TCP Connector on port 55264" [_thread_in_native, id=21032, stack(0x0000004b74a00000,0x0000004b74b00000)]
  0x0000017ff4c18ce0 JavaThread "Daemon periodic checks" [_thread_blocked, id=7172, stack(0x0000004b74b00000,0x0000004b74c00000)]
  0x0000017ff43786a0 JavaThread "Cache worker for journal cache (C:\Users\ch6vip\.gradle\caches\journal-1)" [_thread_blocked, id=28384, stack(0x0000004b74400000,0x0000004b74500000)]
  0x0000017ff4377260 JavaThread "File lock request listener" [_thread_in_native, id=14196, stack(0x0000004b75300000,0x0000004b75400000)]
  0x0000017ff4377770 JavaThread "Cache worker for file hash cache (C:\Users\ch6vip\.gradle\caches\8.12\fileHashes)" [_thread_blocked, id=21564, stack(0x0000004b75400000,0x0000004b75500000)]
  0x0000017ff4376330 JavaThread "File watcher server" daemon [_thread_in_native, id=31244, stack(0x0000004b75d00000,0x0000004b75e00000)]
  0x0000017ff61b0b20 JavaThread "File watcher consumer" daemon [_thread_blocked, id=31336, stack(0x0000004b75e00000,0x0000004b75f00000)]
  0x0000017ff61af6e0 JavaThread "Cache worker for file content cache (C:\Users\ch6vip\.gradle\caches\8.12\fileContent)" [_thread_blocked, id=29452, stack(0x0000004b75900000,0x0000004b75a00000)]
  0x0000017ff64138f0 JavaThread "Memory manager" [_thread_blocked, id=10808, stack(0x0000004b78200000,0x0000004b78300000)]
  0x0000017ff5b27f90 JavaThread "RMI Scheduler(0)" daemon [_thread_blocked, id=13592, stack(0x0000004b7a600000,0x0000004b7a700000)]
  0x0000017ff5d6a380 JavaThread "RMI TCP Accept-0" daemon [_thread_in_native, id=20484, stack(0x0000004b7b200000,0x0000004b7b300000)]
  0x0000017ff5d6d110 JavaThread "Cache worker for Java compile cache (C:\Users\ch6vip\.gradle\caches\8.12\javaCompile)" [_thread_blocked, id=11292, stack(0x0000004b73000000,0x0000004b73100000)]
  0x0000017ff55d6100 JavaThread "Java2D Disposer" daemon [_thread_blocked, id=28352, stack(0x0000004b7d500000,0x0000004b7d600000)]
  0x0000017ff55d4cc0 JavaThread "AWT-Windows" daemon [_thread_in_native, id=24692, stack(0x0000004b7d700000,0x0000004b7d800000)]
  0x0000017ff8fd13d0 JavaThread "Daemon Thread 6" [_thread_blocked, id=18688, stack(0x0000004b72e00000,0x0000004b72f00000)]
  0x0000017ff5e9bc50 JavaThread "Daemon worker Thread 6" [_thread_blocked, id=20852, stack(0x0000004b74d00000,0x0000004b74e00000)]
  0x0000017ffe758fe0 JavaThread "RMI GC Daemon" daemon [_thread_blocked, id=12968, stack(0x0000004b79100000,0x0000004b79200000)]
  0x0000017ffe756250 JavaThread "RMI Reaper" [_thread_blocked, id=14588, stack(0x0000004b79200000,0x0000004b79300000)]
  0x0000017ff5e9c160 JavaThread "Handler for socket connection from /127.0.0.1:55264 to /127.0.0.1:51312" [_thread_in_native, id=29488, stack(0x0000004b74c00000,0x0000004b74d00000)]
  0x0000017ff5e9e4d0 JavaThread "Cancel handler" [_thread_blocked, id=11544, stack(0x0000004b74f00000,0x0000004b75000000)]
  0x0000017ffe755d40 JavaThread "Asynchronous log dispatcher for DefaultDaemonConnection: socket connection from /127.0.0.1:55264 to /127.0.0.1:51312" [_thread_blocked, id=29480, stack(0x0000004b75000000,0x0000004b75100000)]
  0x0000017ff61b1a50 JavaThread "Stdin handler" [_thread_blocked, id=22632, stack(0x0000004b75100000,0x0000004b75200000)]
  0x0000017ffebbe250 JavaThread "Daemon client event forwarder" [_thread_blocked, id=27004, stack(0x0000004b75200000,0x0000004b75300000)]
  0x0000017ff61b1030 JavaThread "Cache worker for file hash cache (E:\ctf-aaa\bili\lsposed-bili-sponsorblock\.gradle\8.12\fileHashes)" [_thread_blocked, id=20304, stack(0x0000004b75500000,0x0000004b75600000)]
  0x00000180017e8330 JavaThread "Cache worker for Build Output Cleanup Cache (E:\ctf-aaa\bili\lsposed-bili-sponsorblock\.gradle\buildOutputCleanup)" [_thread_blocked, id=22244, stack(0x0000004b75a00000,0x0000004b75b00000)]
  0x0000017ff7dba580 JavaThread "Cache worker for checksums cache (E:\ctf-aaa\bili\lsposed-bili-sponsorblock\.gradle\8.12\checksums)" [_thread_blocked, id=1160, stack(0x0000004b75b00000,0x0000004b75c00000)]
  0x0000017ff7dbaa90 JavaThread "Cache worker for cache directory md-rule (C:\Users\ch6vip\.gradle\caches\8.12\md-rule)" [_thread_blocked, id=12676, stack(0x0000004b75f00000,0x0000004b76000000)]
  0x0000017ff7dbb9c0 JavaThread "Cache worker for cache directory md-supplier (C:\Users\ch6vip\.gradle\caches\8.12\md-supplier)" [_thread_blocked, id=23744, stack(0x0000004b76000000,0x0000004b76100000)]
  0x0000017ff7dbbed0 JavaThread "Unconstrained build operations" [_thread_blocked, id=25812, stack(0x0000004b76100000,0x0000004b76200000)]
  0x0000017ff7dbc3e0 JavaThread "Unconstrained build operations Thread 2" [_thread_blocked, id=10476, stack(0x0000004b76200000,0x0000004b76300000)]
  0x0000017ff7dbc8f0 JavaThread "Unconstrained build operations Thread 3" [_thread_blocked, id=24704, stack(0x0000004b76300000,0x0000004b76400000)]
  0x00000180072ff9e0 JavaThread "Unconstrained build operations Thread 4" [_thread_blocked, id=20988, stack(0x0000004b76400000,0x0000004b76500000)]
  0x00000180072fefc0 JavaThread "Unconstrained build operations Thread 5" [_thread_blocked, id=28704, stack(0x0000004b76500000,0x0000004b76600000)]
  0x0000018007301840 JavaThread "Unconstrained build operations Thread 6" [_thread_blocked, id=20392, stack(0x0000004b76600000,0x0000004b76700000)]
  0x00000180072ffef0 JavaThread "Unconstrained build operations Thread 7" [_thread_blocked, id=29660, stack(0x0000004b76700000,0x0000004b76800000)]
  0x0000018001ea37e0 JavaThread "Unconstrained build operations Thread 8" [_thread_blocked, id=1420, stack(0x0000004b76900000,0x0000004b76a00000)]
  0x0000018001ea28b0 JavaThread "Unconstrained build operations Thread 9" [_thread_blocked, id=31644, stack(0x0000004b76a00000,0x0000004b76b00000)]
  0x0000018001ea2dc0 JavaThread "Unconstrained build operations Thread 10" [_thread_blocked, id=10400, stack(0x0000004b76b00000,0x0000004b76c00000)]
  0x0000018001ea4c20 JavaThread "Unconstrained build operations Thread 11" [_thread_blocked, id=13652, stack(0x0000004b76c00000,0x0000004b76d00000)]
  0x0000017ff8fcff90 JavaThread "Unconstrained build operations Thread 12" [_thread_blocked, id=16896, stack(0x0000004b76d00000,0x0000004b76e00000)]
  0x0000017ff7dbce00 JavaThread "Unconstrained build operations Thread 13" [_thread_blocked, id=12204, stack(0x0000004b76e00000,0x0000004b76f00000)]
  0x0000017ff7dbd310 JavaThread "Unconstrained build operations Thread 14" [_thread_blocked, id=29780, stack(0x0000004b76f00000,0x0000004b77000000)]
  0x0000017ff7dbd820 JavaThread "Unconstrained build operations Thread 15" [_thread_blocked, id=30972, stack(0x0000004b77000000,0x0000004b77100000)]
  0x00000180069e9f30 JavaThread "Unconstrained build operations Thread 16" [_thread_blocked, id=12856, stack(0x0000004b77100000,0x0000004b77200000)]
  0x00000180069ea440 JavaThread "Unconstrained build operations Thread 17" [_thread_blocked, id=30140, stack(0x0000004b77200000,0x0000004b77300000)]
  0x0000017ff32cb1e0 JavaThread "Unconstrained build operations Thread 18" [_thread_blocked, id=26000, stack(0x0000004b77300000,0x0000004b77400000)]
  0x0000017ff32cbc00 JavaThread "Unconstrained build operations Thread 19" [_thread_blocked, id=31164, stack(0x0000004b77400000,0x0000004b77500000)]
  0x0000017ff32cb6f0 JavaThread "Unconstrained build operations Thread 20" [_thread_blocked, id=24140, stack(0x0000004b77500000,0x0000004b77600000)]
  0x0000017ff32cc110 JavaThread "Unconstrained build operations Thread 21" [_thread_blocked, id=21624, stack(0x0000004b77600000,0x0000004b77700000)]
  0x0000017ff32ccb30 JavaThread "build event listener" [_thread_blocked, id=29992, stack(0x0000004b77700000,0x0000004b77800000)]
  0x0000018001ea23a0 JavaThread "included builds" [_thread_blocked, id=25240, stack(0x0000004b74e00000,0x0000004b74f00000)]
  0x0000017ff8fd04a0 JavaThread "Execution worker" [_thread_blocked, id=27920, stack(0x0000004b76800000,0x0000004b76900000)]
  0x0000017ff8fd18e0 JavaThread "Execution worker Thread 2" [_thread_blocked, id=25760, stack(0x0000004b77800000,0x0000004b77900000)]
  0x0000017fff08d810 JavaThread "Execution worker Thread 3" [_thread_blocked, id=10308, stack(0x0000004b77900000,0x0000004b77a00000)]
  0x0000017fffd1e9b0 JavaThread "Execution worker Thread 4" [_thread_blocked, id=2568, stack(0x0000004b77a00000,0x0000004b77b00000)]
  0x0000017fffd1e4a0 JavaThread "Execution worker Thread 5" [_thread_blocked, id=17272, stack(0x0000004b77b00000,0x0000004b77c00000)]
  0x0000017fffd1f3d0 JavaThread "Execution worker Thread 6" [_thread_blocked, id=12292, stack(0x0000004b77c00000,0x0000004b77d00000)]
  0x0000017fffd1eec0 JavaThread "Execution worker Thread 7" [_thread_blocked, id=22496, stack(0x0000004b77d00000,0x0000004b77e00000)]
  0x0000017ff61ae2a0 JavaThread "Cache worker for execution history cache (E:\ctf-aaa\bili\lsposed-bili-sponsorblock\.gradle\8.12\executionHistory)" [_thread_blocked, id=18968, stack(0x0000004b77e00000,0x0000004b77f00000)]
  0x0000017ff32cc620 JavaThread "Unconstrained build operations Thread 22" [_thread_blocked, id=27112, stack(0x0000004b77f00000,0x0000004b78000000)]
  0x00000180069e6c90 JavaThread "Unconstrained build operations Thread 23" [_thread_blocked, id=29200, stack(0x0000004b78000000,0x0000004b78100000)]
  0x0000018007301330 JavaThread "Unconstrained build operations Thread 24" [_thread_blocked, id=13336, stack(0x0000004b78300000,0x0000004b78400000)]
  0x0000018007301d50 JavaThread "Unconstrained build operations Thread 25" [_thread_blocked, id=30780, stack(0x0000004b78400000,0x0000004b78500000)]
  0x00000180072feab0 JavaThread "Unconstrained build operations Thread 26" [_thread_blocked, id=18016, stack(0x0000004b78500000,0x0000004b78600000)]
  0x00000180072fe5a0 JavaThread "Unconstrained build operations Thread 27" [_thread_blocked, id=30244, stack(0x0000004b78600000,0x0000004b78700000)]
  0x0000017ffe755830 JavaThread "Unconstrained build operations Thread 28" [_thread_blocked, id=13140, stack(0x0000004b78700000,0x0000004b78800000)]
  0x0000017ffe756c70 JavaThread "Unconstrained build operations Thread 29" [_thread_blocked, id=20032, stack(0x0000004b78800000,0x0000004b78900000)]
  0x0000017ffe757ba0 JavaThread "Unconstrained build operations Thread 30" [_thread_blocked, id=30408, stack(0x0000004b78900000,0x0000004b78a00000)]
  0x0000017ff61afbf0 JavaThread "WorkerExecutor Queue" [_thread_in_Java, id=3192, stack(0x0000004b78a00000,0x0000004b78b00000)]
  0x0000017ffe756760 JavaThread "Unconstrained build operations Thread 31" [_thread_blocked, id=28368, stack(0x0000004b72f00000,0x0000004b73000000)]
  0x0000017ffe7585c0 JavaThread "Build operations" [_thread_blocked, id=18520, stack(0x0000004b78100000,0x0000004b78200000)]
  0x00000180018b60c0 JavaThread "Build operations Thread 2" [_thread_blocked, id=14160, stack(0x0000004b78d00000,0x0000004b78e00000)]
  0x0000017ff5e9dab0 JavaThread "Build operations Thread 3" [_thread_blocked, id=25100, stack(0x0000004b78e00000,0x0000004b78f00000)]
  0x0000017ff5e9f400 JavaThread "Build operations Thread 4" [_thread_blocked, id=24124, stack(0x0000004b78f00000,0x0000004b79000000)]
  0x0000017ff5e9c670 JavaThread "Build operations Thread 5" [_thread_blocked, id=30228, stack(0x0000004b79000000,0x0000004b79100000)]
  0x0000017ff5e9e9e0 JavaThread "Build operations Thread 6" [_thread_blocked, id=17596, stack(0x0000004b79300000,0x0000004b79400000)]
  0x0000017ff5e9cb80 JavaThread "Build operations Thread 7" [_thread_blocked, id=28756, stack(0x0000004b79400000,0x0000004b79500000)]
  0x0000017ff61b0100 JavaThread "Unconstrained build operations Thread 32" [_thread_blocked, id=29744, stack(0x0000004b79500000,0x0000004b79600000)]
  0x0000017fffd1fdf0 JavaThread "Unconstrained build operations Thread 33" [_thread_blocked, id=27904, stack(0x0000004b79600000,0x0000004b79700000)]
  0x0000017ff61b1540 JavaThread "Unconstrained build operations Thread 34" [_thread_blocked, id=18444, stack(0x0000004b79700000,0x0000004b79800000)]
  0x0000017ff61b1f60 JavaThread "Unconstrained build operations Thread 35" [_thread_blocked, id=19720, stack(0x0000004b79800000,0x0000004b79900000)]
  0x0000017ff61b2470 JavaThread "Unconstrained build operations Thread 36" [_thread_blocked, id=19268, stack(0x0000004b79900000,0x0000004b79a00000)]
  0x0000018000b92880 JavaThread "Unconstrained build operations Thread 37" [_thread_blocked, id=23248, stack(0x0000004b79a00000,0x0000004b79b00000)]
  0x0000018000b941d0 JavaThread "Unconstrained build operations Thread 38" [_thread_blocked, id=31352, stack(0x0000004b79b00000,0x0000004b79c00000)]
  0x00000180072ff4d0 JavaThread "Unconstrained build operations Thread 39" [_thread_blocked, id=16360, stack(0x0000004b79c00000,0x0000004b79d00000)]
  0x0000018007300400 JavaThread "Unconstrained build operations Thread 40" [_thread_blocked, id=7444, stack(0x0000004b79d00000,0x0000004b79e00000)]
  0x0000017ff5e9dfc0 JavaThread "WorkerExecutor Queue Thread 2" [_thread_blocked, id=21776, stack(0x0000004b79e00000,0x0000004b79f00000)]
  0x0000018007300e20 JavaThread "WorkerExecutor Queue Thread 3" [_thread_blocked, id=27484, stack(0x0000004b79f00000,0x0000004b7a000000)]
  0x0000018007300910 JavaThread "WorkerExecutor Queue Thread 4" [_thread_blocked, id=11908, stack(0x0000004b7a000000,0x0000004b7a100000)]
  0x00000180015b8940 JavaThread "WorkerExecutor Queue Thread 5" [_thread_blocked, id=8716, stack(0x0000004b7a100000,0x0000004b7a200000)]
  0x00000180015b8e50 JavaThread "WorkerExecutor Queue Thread 6" [_thread_blocked, id=22028, stack(0x0000004b7a200000,0x0000004b7a300000)]
  0x00000180015b9870 JavaThread "WorkerExecutor Queue Thread 7" [_thread_blocked, id=16132, stack(0x0000004b7a300000,0x0000004b7a400000)]
  0x0000017ff61aecc0 JavaThread "WorkerExecutor Queue Thread 9" [_thread_blocked, id=12312, stack(0x0000004b7a500000,0x0000004b7a600000)]
  0x0000018001ea3cf0 JavaThread "Unconstrained build operations Thread 41" [_thread_blocked, id=14612, stack(0x0000004b78b00000,0x0000004b78c00000)]
  0x0000018001ea4200 JavaThread "Unconstrained build operations Thread 42" [_thread_blocked, id=9108, stack(0x0000004b7a400000,0x0000004b7a500000)]
  0x0000017ff97cc290 JavaThread "Unconstrained build operations Thread 43" [_thread_blocked, id=6044, stack(0x0000004b7a700000,0x0000004b7a800000)]
  0x0000018000b92370 JavaThread "ForkJoinPool.commonPool-worker-12" daemon [_thread_blocked, id=12460, stack(0x0000004b7b000000,0x0000004b7b100000)]
  0x0000017fffd20300 JavaThread "ForkJoinPool.commonPool-worker-13" daemon [_thread_blocked, id=14484, stack(0x0000004b7b100000,0x0000004b7b200000)]
  0x0000017ff61b2980 JavaThread "ForkJoinPool.commonPool-worker-14" daemon [_thread_blocked, id=18228, stack(0x0000004b7a900000,0x0000004b7aa00000)]
  0x0000017ffebf1e90 JavaThread "ForkJoinPool.commonPool-worker-15" daemon [_thread_blocked, id=26208, stack(0x0000004b7b300000,0x0000004b7b400000)]
  0x000001800a953bc0 JavaThread "C2 CompilerThread1" daemon [_thread_in_native, id=9700, stack(0x0000004b78c00000,0x0000004b78d00000)]

Other Threads:
  0x0000017facd02940 VMThread "VM Thread" [stack: 0x0000004b73700000,0x0000004b73800000] [id=24496]
  0x0000017f8ce83bf0 WatcherThread [stack: 0x0000004b74300000,0x0000004b74400000] [id=2432]
  0x0000017f8cedf1c0 GCTaskThread "GC Thread#0" [stack: 0x0000004b73200000,0x0000004b73300000] [id=23644]
  0x0000017ff3685ab0 GCTaskThread "GC Thread#1" [stack: 0x0000004b74600000,0x0000004b74700000] [id=17740]
  0x0000017ff35671e0 GCTaskThread "GC Thread#2" [stack: 0x0000004b74700000,0x0000004b74800000] [id=30264]
  0x0000017ff42d6e40 GCTaskThread "GC Thread#3" [stack: 0x0000004b74800000,0x0000004b74900000] [id=3772]
  0x0000017ff3b5f040 GCTaskThread "GC Thread#4" [stack: 0x0000004b74900000,0x0000004b74a00000] [id=28076]
  0x0000017ff4be3f00 GCTaskThread "GC Thread#5" [stack: 0x0000004b75600000,0x0000004b75700000] [id=10740]
  0x0000017ff56f8c40 GCTaskThread "GC Thread#6" [stack: 0x0000004b75700000,0x0000004b75800000] [id=21384]
  0x0000017ff437c390 GCTaskThread "GC Thread#7" [stack: 0x0000004b75800000,0x0000004b75900000] [id=10960]
  0x0000017f8cef0a30 ConcurrentGCThread "G1 Main Marker" [stack: 0x0000004b73300000,0x0000004b73400000] [id=24920]
  0x0000017f8cef19a0 ConcurrentGCThread "G1 Conc#0" [stack: 0x0000004b73400000,0x0000004b73500000] [id=4652]
  0x0000017ff6299580 ConcurrentGCThread "G1 Conc#1" [stack: 0x0000004b75c00000,0x0000004b75d00000] [id=24964]
  0x0000017f8cf2de70 ConcurrentGCThread "G1 Refine#0" [stack: 0x0000004b73500000,0x0000004b73600000] [id=12056]
  0x0000017ffe82e7c0 ConcurrentGCThread "G1 Refine#1" [stack: 0x0000004b7d600000,0x0000004b7d700000] [id=12892]
  0x0000017ff749c360 ConcurrentGCThread "G1 Refine#2" [stack: 0x0000004b7e000000,0x0000004b7e100000] [id=30700]
  0x0000017ff3dac630 ConcurrentGCThread "G1 Refine#3" [stack: 0x0000004b7ab00000,0x0000004b7ac00000] [id=10264]
  0x000001800106f870 ConcurrentGCThread "G1 Refine#4" [stack: 0x0000004b7ac00000,0x0000004b7ad00000] [id=31016]
  0x0000018001e98a30 ConcurrentGCThread "G1 Refine#5" [stack: 0x0000004b7ad00000,0x0000004b7ae00000] [id=11100]
  0x0000017ff518e350 ConcurrentGCThread "G1 Refine#6" [stack: 0x0000004b7ae00000,0x0000004b7af00000] [id=16252]
  0x0000018006480f20 ConcurrentGCThread "G1 Refine#7" [stack: 0x0000004b7af00000,0x0000004b7b000000] [id=24968]
  0x0000017f8cf2e650 ConcurrentGCThread "G1 Service" [stack: 0x0000004b73600000,0x0000004b73700000] [id=13264]

Threads with active compile tasks:
C2 CompilerThread0  11665039 105412   !   4       org.jetbrains.kotlin.fir.resolve.transformers.body.resolve.FirAbstractBodyResolveTransformerDispatcher::transformTypeRef (624 bytes)
C2 CompilerThread1  11665039 105462       4       org.jetbrains.kotlin.resolve.calls.inference.components.VariableFixationFinder::findTypeVariableForFixation (336 bytes)

VM state: not at safepoint (normal execution)

VM Mutex/Monitor currently owned by a thread: None

Heap address: 0x0000000080000000, size: 2048 MB, Compressed Oops mode: 32-bit

CDS archive(s) mapped at: [0x0000017fae000000-0x0000017faebb0000-0x0000017faebb0000), size 12255232, SharedBaseAddress: 0x0000017fae000000, ArchiveRelocationMode: 1.
Compressed class space mapped at: 0x0000017faf000000-0x0000017fef000000, reserved size: 1073741824
Narrow klass base: 0x0000017fae000000, Narrow klass shift: 0, Narrow klass range: 0x100000000

GC Precious Log:
 CPUs: 8 total, 8 available
 Memory: 8073M
 Large Page Support: Disabled
 NUMA Support: Disabled
 Compressed Oops: Enabled (32-bit)
 Heap Region Size: 1M
 Heap Min Capacity: 8M
 Heap Initial Capacity: 128M
 Heap Max Capacity: 2G
 Pre-touch: Disabled
 Parallel Workers: 8
 Concurrent Workers: 2
 Concurrent Refinement Workers: 8
 Periodic GC: Disabled

Heap:
 garbage-first heap   total 1046528K, used 820155K [0x0000000080000000, 0x0000000100000000)
  region size 1024K, 401 young (410624K), 15 survivors (15360K)
 Metaspace       used 314422K, committed 316352K, reserved 1376256K
  class space    used 38987K, committed 39936K, reserved 1048576K

Heap Regions: E=young(eden), S=young(survivor), O=old, HS=humongous(starts), HC=humongous(continues), CS=collection set, F=free, OA=open archive, CA=closed archive, TAMS=top-at-mark-start (previous, next)
|   0|0x0000000080000000, 0x00000000800fffc8, 0x0000000080100000| 99%| O|  |TAMS 0x00000000800fffc8, 0x0000000080000000| Untracked 
|   1|0x0000000080100000, 0x0000000080200000, 0x0000000080200000|100%|HS|  |TAMS 0x0000000080200000, 0x0000000080100000| Complete 
|   2|0x0000000080200000, 0x0000000080300000, 0x0000000080300000|100%|HC|  |TAMS 0x0000000080300000, 0x0000000080200000| Complete 
|   3|0x0000000080300000, 0x0000000080400000, 0x0000000080400000|100%|HC|  |TAMS 0x0000000080400000, 0x0000000080300000| Complete 
|   4|0x0000000080400000, 0x00000000804f87a0, 0x0000000080500000| 97%| O|  |TAMS 0x00000000804f87a0, 0x0000000080400000| Untracked 
|   5|0x0000000080500000, 0x0000000080600000, 0x0000000080600000|100%| O|  |TAMS 0x0000000080600000, 0x0000000080500000| Untracked 
|   6|0x0000000080600000, 0x00000000806ffff0, 0x0000000080700000| 99%| O|  |TAMS 0x00000000806ffff0, 0x0000000080600000| Untracked 
|   7|0x0000000080700000, 0x0000000080800000, 0x0000000080800000|100%|HS|  |TAMS 0x0000000080800000, 0x0000000080700000| Complete 
|   8|0x0000000080800000, 0x0000000080900000, 0x0000000080900000|100%| O|  |TAMS 0x0000000080900000, 0x0000000080800000| Untracked 
|   9|0x0000000080900000, 0x00000000809fffd8, 0x0000000080a00000| 99%| O|  |TAMS 0x00000000809fffd8, 0x0000000080900000| Untracked 
|  10|0x0000000080a00000, 0x0000000080afffa8, 0x0000000080b00000| 99%| O|  |TAMS 0x0000000080afffa8, 0x0000000080a00000| Untracked 
|  11|0x0000000080b00000, 0x0000000080bffff8, 0x0000000080c00000| 99%| O|  |TAMS 0x0000000080bffff8, 0x0000000080b00000| Untracked 
|  12|0x0000000080c00000, 0x0000000080cffff8, 0x0000000080d00000| 99%| O|  |TAMS 0x0000000080cffff8, 0x0000000080c00000| Untracked 
|  13|0x0000000080d00000, 0x0000000080dfffa0, 0x0000000080e00000| 99%| O|  |TAMS 0x0000000080dfffa0, 0x0000000080d00000| Untracked 
|  14|0x0000000080e00000, 0x0000000080f00000, 0x0000000080f00000|100%| O|  |TAMS 0x0000000080f00000, 0x0000000080e00000| Untracked 
|  15|0x0000000080f00000, 0x0000000080fffff0, 0x0000000081000000| 99%| O|  |TAMS 0x0000000080fffff0, 0x0000000080f00000| Untracked 
|  16|0x0000000081000000, 0x00000000810ff1e0, 0x0000000081100000| 99%| O|  |TAMS 0x00000000810ff1e0, 0x0000000081000000| Untracked 
|  17|0x0000000081100000, 0x00000000811fff10, 0x0000000081200000| 99%| O|  |TAMS 0x00000000811fff10, 0x0000000081100000| Untracked 
|  18|0x0000000081200000, 0x00000000812fffb0, 0x0000000081300000| 99%| O|  |TAMS 0x00000000812fffb0, 0x0000000081200000| Untracked 
|  19|0x0000000081300000, 0x0000000081400000, 0x0000000081400000|100%| O|  |TAMS 0x0000000081400000, 0x0000000081300000| Untracked 
|  20|0x0000000081400000, 0x0000000081500000, 0x0000000081500000|100%| O|  |TAMS 0x0000000081500000, 0x0000000081400000| Untracked 
|  21|0x0000000081500000, 0x00000000815fffe8, 0x0000000081600000| 99%| O|  |TAMS 0x00000000815fffe8, 0x0000000081500000| Untracked 
|  22|0x0000000081600000, 0x00000000816ffff0, 0x0000000081700000| 99%| O|  |TAMS 0x00000000816ffff0, 0x0000000081600000| Untracked 
|  23|0x0000000081700000, 0x00000000817fffe0, 0x0000000081800000| 99%| O|  |TAMS 0x00000000817fffe0, 0x0000000081700000| Untracked 
|  24|0x0000000081800000, 0x00000000818ffff8, 0x0000000081900000| 99%| O|  |TAMS 0x00000000818ffff8, 0x0000000081800000| Untracked 
|  25|0x0000000081900000, 0x00000000819fff70, 0x0000000081a00000| 99%| O|  |TAMS 0x00000000819fff70, 0x0000000081900000| Untracked 
|  26|0x0000000081a00000, 0x0000000081affff0, 0x0000000081b00000| 99%| O|  |TAMS 0x0000000081affff0, 0x0000000081a00000| Untracked 
|  27|0x0000000081b00000, 0x0000000081bffff0, 0x0000000081c00000| 99%| O|  |TAMS 0x0000000081bffff0, 0x0000000081b00000| Untracked 
|  28|0x0000000081c00000, 0x0000000081cffff8, 0x0000000081d00000| 99%| O|  |TAMS 0x0000000081cffff8, 0x0000000081c00000| Untracked 
|  29|0x0000000081d00000, 0x0000000081dfffe0, 0x0000000081e00000| 99%| O|  |TAMS 0x0000000081dfffe0, 0x0000000081d00000| Untracked 
|  30|0x0000000081e00000, 0x0000000081effff8, 0x0000000081f00000| 99%| O|  |TAMS 0x0000000081effff8, 0x0000000081e00000| Untracked 
|  31|0x0000000081f00000, 0x0000000081ffffe8, 0x0000000082000000| 99%| O|  |TAMS 0x0000000081ffffe8, 0x0000000081f00000| Untracked 
|  32|0x0000000082000000, 0x0000000082100000, 0x0000000082100000|100%| O|  |TAMS 0x0000000082100000, 0x0000000082000000| Untracked 
|  33|0x0000000082100000, 0x00000000821ffff0, 0x0000000082200000| 99%| O|  |TAMS 0x00000000821ffff0, 0x0000000082100000| Untracked 
|  34|0x0000000082200000, 0x00000000822fdf68, 0x0000000082300000| 99%| O|  |TAMS 0x00000000822fdf68, 0x0000000082200000| Untracked 
|  35|0x0000000082300000, 0x00000000823fffa0, 0x0000000082400000| 99%| O|  |TAMS 0x00000000823fffa0, 0x0000000082300000| Untracked 
|  36|0x0000000082400000, 0x0000000082500000, 0x0000000082500000|100%| O|  |TAMS 0x0000000082500000, 0x0000000082400000| Untracked 
|  37|0x0000000082500000, 0x00000000825ffb60, 0x0000000082600000| 99%| O|  |TAMS 0x00000000825ffb60, 0x0000000082500000| Untracked 
|  38|0x0000000082600000, 0x00000000826ab870, 0x0000000082700000| 67%| O|  |TAMS 0x00000000826ab870, 0x0000000082600000| Untracked 
|  39|0x0000000082700000, 0x00000000827fffe8, 0x0000000082800000| 99%| O|  |TAMS 0x00000000827fffe8, 0x0000000082700000| Untracked 
|  40|0x0000000082800000, 0x00000000828ffa60, 0x0000000082900000| 99%| O|  |TAMS 0x00000000828ffa60, 0x0000000082800000| Untracked 
|  41|0x0000000082900000, 0x00000000829ffff8, 0x0000000082a00000| 99%| O|  |TAMS 0x00000000829ffff8, 0x0000000082900000| Untracked 
|  42|0x0000000082a00000, 0x0000000082afaa78, 0x0000000082b00000| 97%| O|  |TAMS 0x0000000082afaa78, 0x0000000082a00000| Untracked 
|  43|0x0000000082b00000, 0x0000000082be2dc8, 0x0000000082c00000| 88%| O|  |TAMS 0x0000000082be2dc8, 0x0000000082b00000| Untracked 
|  44|0x0000000082c00000, 0x0000000082d00000, 0x0000000082d00000|100%|HS|  |TAMS 0x0000000082d00000, 0x0000000082c00000| Complete 
|  45|0x0000000082d00000, 0x0000000082e00000, 0x0000000082e00000|100%|HS|  |TAMS 0x0000000082e00000, 0x0000000082d00000| Complete 
|  46|0x0000000082e00000, 0x0000000082f00000, 0x0000000082f00000|100%|HS|  |TAMS 0x0000000082f00000, 0x0000000082e00000| Complete 
|  47|0x0000000082f00000, 0x0000000083000000, 0x0000000083000000|100%|HC|  |TAMS 0x0000000083000000, 0x0000000082f00000| Complete 
|  48|0x0000000083000000, 0x0000000083100000, 0x0000000083100000|100%| O|  |TAMS 0x0000000083100000, 0x0000000083000000| Untracked 
|  49|0x0000000083100000, 0x0000000083200000, 0x0000000083200000|100%|HS|  |TAMS 0x0000000083200000, 0x0000000083100000| Complete 
|  50|0x0000000083200000, 0x0000000083300000, 0x0000000083300000|100%|HC|  |TAMS 0x0000000083300000, 0x0000000083200000| Complete 
|  51|0x0000000083300000, 0x0000000083400000, 0x0000000083400000|100%|HS|  |TAMS 0x0000000083400000, 0x0000000083300000| Complete 
|  52|0x0000000083400000, 0x0000000083500000, 0x0000000083500000|100%| O|  |TAMS 0x0000000083500000, 0x0000000083400000| Untracked 
|  53|0x0000000083500000, 0x0000000083600000, 0x0000000083600000|100%| O|  |TAMS 0x0000000083600000, 0x0000000083500000| Untracked 
|  54|0x0000000083600000, 0x00000000836ffff8, 0x0000000083700000| 99%| O|  |TAMS 0x00000000836ffff8, 0x0000000083600000| Untracked 
|  55|0x0000000083700000, 0x0000000083800000, 0x0000000083800000|100%|HS|  |TAMS 0x0000000083800000, 0x0000000083700000| Complete 
|  56|0x0000000083800000, 0x0000000083900000, 0x0000000083900000|100%|HC|  |TAMS 0x0000000083900000, 0x0000000083800000| Complete 
|  57|0x0000000083900000, 0x0000000083a00000, 0x0000000083a00000|100%|HC|  |TAMS 0x0000000083a00000, 0x0000000083900000| Complete 
|  58|0x0000000083a00000, 0x0000000083b00000, 0x0000000083b00000|100%|HS|  |TAMS 0x0000000083b00000, 0x0000000083a00000| Complete 
|  59|0x0000000083b00000, 0x0000000083c00000, 0x0000000083c00000|100%|HS|  |TAMS 0x0000000083c00000, 0x0000000083b00000| Complete 
|  60|0x0000000083c00000, 0x0000000083cfa798, 0x0000000083d00000| 97%| O|  |TAMS 0x0000000083cfa798, 0x0000000083c00000| Untracked 
|  61|0x0000000083d00000, 0x0000000083dfffe8, 0x0000000083e00000| 99%| O|  |TAMS 0x0000000083dfffe8, 0x0000000083d00000| Untracked 
|  62|0x0000000083e00000, 0x0000000083efffe8, 0x0000000083f00000| 99%| O|  |TAMS 0x0000000083efffe8, 0x0000000083e00000| Untracked 
|  63|0x0000000083f00000, 0x0000000083ff6e78, 0x0000000084000000| 96%| O|  |TAMS 0x0000000083ff6e78, 0x0000000083f00000| Untracked 
|  64|0x0000000084000000, 0x00000000840fe578, 0x0000000084100000| 99%| O|  |TAMS 0x00000000840fe578, 0x0000000084000000| Untracked 
|  65|0x0000000084100000, 0x0000000084200000, 0x0000000084200000|100%|HS|  |TAMS 0x0000000084200000, 0x0000000084100000| Complete 
|  66|0x0000000084200000, 0x0000000084300000, 0x0000000084300000|100%| O|  |TAMS 0x0000000084300000, 0x0000000084200000| Untracked 
|  67|0x0000000084300000, 0x00000000843fffe8, 0x0000000084400000| 99%| O|  |TAMS 0x00000000843fffe8, 0x0000000084300000| Untracked 
|  68|0x0000000084400000, 0x0000000084500000, 0x0000000084500000|100%|HS|  |TAMS 0x0000000084500000, 0x0000000084400000| Complete 
|  69|0x0000000084500000, 0x00000000845ffff8, 0x0000000084600000| 99%| O|  |TAMS 0x00000000845ffff8, 0x0000000084500000| Untracked 
|  70|0x0000000084600000, 0x00000000846fffe8, 0x0000000084700000| 99%| O|  |TAMS 0x00000000846fffe8, 0x0000000084600000| Untracked 
|  71|0x0000000084700000, 0x00000000847ffff0, 0x0000000084800000| 99%| O|  |TAMS 0x00000000847ffff0, 0x0000000084700000| Untracked 
|  72|0x0000000084800000, 0x0000000084900000, 0x0000000084900000|100%| O|  |TAMS 0x0000000084900000, 0x0000000084800000| Untracked 
|  73|0x0000000084900000, 0x00000000849e0828, 0x0000000084a00000| 87%| O|  |TAMS 0x00000000849e0828, 0x0000000084900000| Untracked 
|  74|0x0000000084a00000, 0x0000000084affff8, 0x0000000084b00000| 99%| O|  |TAMS 0x0000000084affff8, 0x0000000084a00000| Untracked 
|  75|0x0000000084b00000, 0x0000000084c00000, 0x0000000084c00000|100%|HS|  |TAMS 0x0000000084c00000, 0x0000000084b00000| Complete 
|  76|0x0000000084c00000, 0x0000000084d00000, 0x0000000084d00000|100%|HC|  |TAMS 0x0000000084d00000, 0x0000000084c00000| Complete 
|  77|0x0000000084d00000, 0x0000000084e00000, 0x0000000084e00000|100%|HC|  |TAMS 0x0000000084e00000, 0x0000000084d00000| Complete 
|  78|0x0000000084e00000, 0x0000000084eff338, 0x0000000084f00000| 99%| O|  |TAMS 0x0000000084eff338, 0x0000000084e00000| Untracked 
|  79|0x0000000084f00000, 0x0000000084fc22d0, 0x0000000085000000| 75%| O|  |TAMS 0x0000000084fc22d0, 0x0000000084f00000| Untracked 
|  80|0x0000000085000000, 0x00000000850fffd0, 0x0000000085100000| 99%| O|  |TAMS 0x00000000850fffd0, 0x0000000085000000| Untracked 
|  81|0x0000000085100000, 0x0000000085200000, 0x0000000085200000|100%| O|  |TAMS 0x0000000085200000, 0x0000000085100000| Untracked 
|  82|0x0000000085200000, 0x0000000085300000, 0x0000000085300000|100%| O|  |TAMS 0x0000000085300000, 0x0000000085200000| Untracked 
|  83|0x0000000085300000, 0x00000000853ffff8, 0x0000000085400000| 99%| O|  |TAMS 0x00000000853ffff8, 0x0000000085300000| Untracked 
|  84|0x0000000085400000, 0x00000000854ff078, 0x0000000085500000| 99%| O|  |TAMS 0x00000000854ff078, 0x0000000085400000| Untracked 
|  85|0x0000000085500000, 0x00000000855ffef8, 0x0000000085600000| 99%| O|  |TAMS 0x00000000855ffef8, 0x0000000085500000| Untracked 
|  86|0x0000000085600000, 0x00000000856ffff8, 0x0000000085700000| 99%| O|  |TAMS 0x00000000856ffff8, 0x0000000085600000| Untracked 
|  87|0x0000000085700000, 0x00000000857ffff0, 0x0000000085800000| 99%| O|  |TAMS 0x00000000857ffff0, 0x0000000085700000| Untracked 
|  88|0x0000000085800000, 0x00000000858ffff8, 0x0000000085900000| 99%| O|  |TAMS 0x00000000858ffff8, 0x0000000085800000| Untracked 
|  89|0x0000000085900000, 0x00000000859ffff8, 0x0000000085a00000| 99%| O|  |TAMS 0x00000000859ffff8, 0x0000000085900000| Untracked 
|  90|0x0000000085a00000, 0x0000000085affff0, 0x0000000085b00000| 99%| O|  |TAMS 0x0000000085affff0, 0x0000000085a00000| Untracked 
|  91|0x0000000085b00000, 0x0000000085c00000, 0x0000000085c00000|100%| O|  |TAMS 0x0000000085c00000, 0x0000000085b00000| Untracked 
|  92|0x0000000085c00000, 0x0000000085cfffd8, 0x0000000085d00000| 99%| O|  |TAMS 0x0000000085cfffd8, 0x0000000085c00000| Untracked 
|  93|0x0000000085d00000, 0x0000000085ddfef0, 0x0000000085e00000| 87%| O|  |TAMS 0x0000000085ddfef0, 0x0000000085d00000| Untracked 
|  94|0x0000000085e00000, 0x0000000085efff88, 0x0000000085f00000| 99%| O|  |TAMS 0x0000000085efff88, 0x0000000085e00000| Untracked 
|  95|0x0000000085f00000, 0x0000000086000000, 0x0000000086000000|100%| O|  |TAMS 0x0000000086000000, 0x0000000085f00000| Untracked 
|  96|0x0000000086000000, 0x0000000086100000, 0x0000000086100000|100%| O|  |TAMS 0x0000000086100000, 0x0000000086000000| Untracked 
|  97|0x0000000086100000, 0x0000000086200000, 0x0000000086200000|100%| O|  |TAMS 0x0000000086200000, 0x0000000086100000| Untracked 
|  98|0x0000000086200000, 0x00000000862fffe0, 0x0000000086300000| 99%| O|  |TAMS 0x00000000862fffe0, 0x0000000086200000| Untracked 
|  99|0x0000000086300000, 0x0000000086400000, 0x0000000086400000|100%| O|  |TAMS 0x0000000086400000, 0x0000000086300000| Untracked 
| 100|0x0000000086400000, 0x00000000864fb0d0, 0x0000000086500000| 98%| O|  |TAMS 0x00000000864fb0d0, 0x0000000086400000| Untracked 
| 101|0x0000000086500000, 0x0000000086600000, 0x0000000086600000|100%| O|  |TAMS 0x0000000086600000, 0x0000000086500000| Untracked 
| 102|0x0000000086600000, 0x0000000086700000, 0x0000000086700000|100%| O|  |TAMS 0x0000000086700000, 0x0000000086600000| Untracked 
| 103|0x0000000086700000, 0x000000008674fcb0, 0x0000000086800000| 31%| O|  |TAMS 0x000000008674fcb0, 0x0000000086700000| Untracked 
| 104|0x0000000086800000, 0x0000000086900000, 0x0000000086900000|100%| O|  |TAMS 0x0000000086900000, 0x0000000086800000| Untracked 
| 105|0x0000000086900000, 0x0000000086a00000, 0x0000000086a00000|100%| O|  |TAMS 0x0000000086a00000, 0x0000000086900000| Untracked 
| 106|0x0000000086a00000, 0x0000000086b00000, 0x0000000086b00000|100%| O|  |TAMS 0x0000000086b00000, 0x0000000086a00000| Untracked 
| 107|0x0000000086b00000, 0x0000000086c00000, 0x0000000086c00000|100%| O|  |TAMS 0x0000000086c00000, 0x0000000086b00000| Untracked 
| 108|0x0000000086c00000, 0x0000000086d00000, 0x0000000086d00000|100%| O|  |TAMS 0x0000000086d00000, 0x0000000086c00000| Untracked 
| 109|0x0000000086d00000, 0x0000000086e00000, 0x0000000086e00000|100%|HS|  |TAMS 0x0000000086e00000, 0x0000000086d00000| Complete 
| 110|0x0000000086e00000, 0x0000000086f00000, 0x0000000086f00000|100%|HC|  |TAMS 0x0000000086f00000, 0x0000000086e00000| Complete 
| 111|0x0000000086f00000, 0x0000000087000000, 0x0000000087000000|100%|HC|  |TAMS 0x0000000087000000, 0x0000000086f00000| Complete 
| 112|0x0000000087000000, 0x0000000087100000, 0x0000000087100000|100%| O|  |TAMS 0x0000000087100000, 0x0000000087000000| Untracked 
| 113|0x0000000087100000, 0x0000000087200000, 0x0000000087200000|100%| O|  |TAMS 0x0000000087200000, 0x0000000087100000| Untracked 
| 114|0x0000000087200000, 0x0000000087300000, 0x0000000087300000|100%| O|  |TAMS 0x0000000087300000, 0x0000000087200000| Untracked 
| 115|0x0000000087300000, 0x0000000087400000, 0x0000000087400000|100%| O|  |TAMS 0x0000000087400000, 0x0000000087300000| Untracked 
| 116|0x0000000087400000, 0x0000000087500000, 0x0000000087500000|100%| O|  |TAMS 0x0000000087500000, 0x0000000087400000| Untracked 
| 117|0x0000000087500000, 0x0000000087600000, 0x0000000087600000|100%| O|  |TAMS 0x0000000087600000, 0x0000000087500000| Untracked 
| 118|0x0000000087600000, 0x0000000087700000, 0x0000000087700000|100%| O|  |TAMS 0x0000000087700000, 0x0000000087600000| Untracked 
| 119|0x0000000087700000, 0x0000000087800000, 0x0000000087800000|100%| O|  |TAMS 0x0000000087800000, 0x0000000087700000| Untracked 
| 120|0x0000000087800000, 0x0000000087900000, 0x0000000087900000|100%| O|  |TAMS 0x0000000087900000, 0x0000000087800000| Untracked 
| 121|0x0000000087900000, 0x0000000087a00000, 0x0000000087a00000|100%| O|  |TAMS 0x0000000087a00000, 0x0000000087900000| Untracked 
| 122|0x0000000087a00000, 0x0000000087b00000, 0x0000000087b00000|100%| O|  |TAMS 0x0000000087b00000, 0x0000000087a00000| Untracked 
| 123|0x0000000087b00000, 0x0000000087c00000, 0x0000000087c00000|100%| O|  |TAMS 0x0000000087c00000, 0x0000000087b00000| Untracked 
| 124|0x0000000087c00000, 0x0000000087d00000, 0x0000000087d00000|100%| O|  |TAMS 0x0000000087d00000, 0x0000000087c00000| Untracked 
| 125|0x0000000087d00000, 0x0000000087e00000, 0x0000000087e00000|100%| O|  |TAMS 0x0000000087e00000, 0x0000000087d00000| Untracked 
| 126|0x0000000087e00000, 0x0000000087f00000, 0x0000000087f00000|100%| O|  |TAMS 0x0000000087f00000, 0x0000000087e00000| Untracked 
| 127|0x0000000087f00000, 0x0000000088000000, 0x0000000088000000|100%| O|  |TAMS 0x0000000088000000, 0x0000000087f00000| Untracked 
| 128|0x0000000088000000, 0x0000000088100000, 0x0000000088100000|100%| O|  |TAMS 0x0000000088100000, 0x0000000088000000| Untracked 
| 129|0x0000000088100000, 0x0000000088200000, 0x0000000088200000|100%| O|  |TAMS 0x0000000088200000, 0x0000000088100000| Untracked 
| 130|0x0000000088200000, 0x0000000088300000, 0x0000000088300000|100%| O|  |TAMS 0x0000000088300000, 0x0000000088200000| Untracked 
| 131|0x0000000088300000, 0x0000000088400000, 0x0000000088400000|100%| O|  |TAMS 0x0000000088400000, 0x0000000088300000| Untracked 
| 132|0x0000000088400000, 0x0000000088500000, 0x0000000088500000|100%| O|  |TAMS 0x0000000088500000, 0x0000000088400000| Untracked 
| 133|0x0000000088500000, 0x0000000088600000, 0x0000000088600000|100%| O|  |TAMS 0x0000000088600000, 0x0000000088500000| Untracked 
| 134|0x0000000088600000, 0x0000000088700000, 0x0000000088700000|100%| O|  |TAMS 0x0000000088700000, 0x0000000088600000| Untracked 
| 135|0x0000000088700000, 0x0000000088800000, 0x0000000088800000|100%| O|  |TAMS 0x0000000088800000, 0x0000000088700000| Untracked 
| 136|0x0000000088800000, 0x0000000088900000, 0x0000000088900000|100%| O|  |TAMS 0x0000000088900000, 0x0000000088800000| Untracked 
| 137|0x0000000088900000, 0x0000000088a00000, 0x0000000088a00000|100%| O|  |TAMS 0x0000000088a00000, 0x0000000088900000| Untracked 
| 138|0x0000000088a00000, 0x0000000088b00000, 0x0000000088b00000|100%| O|  |TAMS 0x0000000088b00000, 0x0000000088a00000| Untracked 
| 139|0x0000000088b00000, 0x0000000088c00000, 0x0000000088c00000|100%| O|  |TAMS 0x0000000088c00000, 0x0000000088b00000| Untracked 
| 140|0x0000000088c00000, 0x0000000088d00000, 0x0000000088d00000|100%| O|  |TAMS 0x0000000088d00000, 0x0000000088c00000| Untracked 
| 141|0x0000000088d00000, 0x0000000088e00000, 0x0000000088e00000|100%| O|  |TAMS 0x0000000088e00000, 0x0000000088d00000| Untracked 
| 142|0x0000000088e00000, 0x0000000088f00000, 0x0000000088f00000|100%| O|  |TAMS 0x0000000088f00000, 0x0000000088e00000| Untracked 
| 143|0x0000000088f00000, 0x0000000089000000, 0x0000000089000000|100%| O|  |TAMS 0x0000000089000000, 0x0000000088f00000| Untracked 
| 144|0x0000000089000000, 0x0000000089100000, 0x0000000089100000|100%| O|  |TAMS 0x0000000089100000, 0x0000000089000000| Untracked 
| 145|0x0000000089100000, 0x0000000089200000, 0x0000000089200000|100%| O|  |TAMS 0x0000000089200000, 0x0000000089100000| Untracked 
| 146|0x0000000089200000, 0x0000000089300000, 0x0000000089300000|100%| O|  |TAMS 0x0000000089300000, 0x0000000089200000| Untracked 
| 147|0x0000000089300000, 0x0000000089400000, 0x0000000089400000|100%| O|  |TAMS 0x0000000089400000, 0x0000000089300000| Untracked 
| 148|0x0000000089400000, 0x0000000089500000, 0x0000000089500000|100%| O|  |TAMS 0x0000000089500000, 0x0000000089400000| Untracked 
| 149|0x0000000089500000, 0x0000000089600000, 0x0000000089600000|100%|HS|  |TAMS 0x0000000089600000, 0x0000000089500000| Complete 
| 150|0x0000000089600000, 0x0000000089700000, 0x0000000089700000|100%|HC|  |TAMS 0x0000000089700000, 0x0000000089600000| Complete 
| 151|0x0000000089700000, 0x0000000089800000, 0x0000000089800000|100%|HC|  |TAMS 0x0000000089800000, 0x0000000089700000| Complete 
| 152|0x0000000089800000, 0x0000000089900000, 0x0000000089900000|100%|HC|  |TAMS 0x0000000089900000, 0x0000000089800000| Complete 
| 153|0x0000000089900000, 0x0000000089a00000, 0x0000000089a00000|100%|HC|  |TAMS 0x0000000089a00000, 0x0000000089900000| Complete 
| 154|0x0000000089a00000, 0x0000000089b00000, 0x0000000089b00000|100%|HC|  |TAMS 0x0000000089b00000, 0x0000000089a00000| Complete 
| 155|0x0000000089b00000, 0x0000000089c00000, 0x0000000089c00000|100%|HC|  |TAMS 0x0000000089c00000, 0x0000000089b00000| Complete 
| 156|0x0000000089c00000, 0x0000000089d00000, 0x0000000089d00000|100%| O|  |TAMS 0x0000000089d00000, 0x0000000089c00000| Untracked 
| 157|0x0000000089d00000, 0x0000000089e00000, 0x0000000089e00000|100%| O|  |TAMS 0x0000000089e00000, 0x0000000089d00000| Untracked 
| 158|0x0000000089e00000, 0x0000000089f00000, 0x0000000089f00000|100%| O|  |TAMS 0x0000000089f00000, 0x0000000089e00000| Untracked 
| 159|0x0000000089f00000, 0x000000008a000000, 0x000000008a000000|100%| O|  |TAMS 0x000000008a000000, 0x0000000089f00000| Untracked 
| 160|0x000000008a000000, 0x000000008a100000, 0x000000008a100000|100%| O|  |TAMS 0x000000008a100000, 0x000000008a000000| Untracked 
| 161|0x000000008a100000, 0x000000008a200000, 0x000000008a200000|100%| O|  |TAMS 0x000000008a200000, 0x000000008a100000| Untracked 
| 162|0x000000008a200000, 0x000000008a300000, 0x000000008a300000|100%| O|  |TAMS 0x000000008a300000, 0x000000008a200000| Untracked 
| 163|0x000000008a300000, 0x000000008a400000, 0x000000008a400000|100%| O|  |TAMS 0x000000008a400000, 0x000000008a300000| Untracked 
| 164|0x000000008a400000, 0x000000008a500000, 0x000000008a500000|100%| O|  |TAMS 0x000000008a500000, 0x000000008a400000| Untracked 
| 165|0x000000008a500000, 0x000000008a600000, 0x000000008a600000|100%| O|  |TAMS 0x000000008a600000, 0x000000008a500000| Untracked 
| 166|0x000000008a600000, 0x000000008a700000, 0x000000008a700000|100%| O|  |TAMS 0x000000008a700000, 0x000000008a600000| Untracked 
| 167|0x000000008a700000, 0x000000008a800000, 0x000000008a800000|100%| O|  |TAMS 0x000000008a800000, 0x000000008a700000| Untracked 
| 168|0x000000008a800000, 0x000000008a900000, 0x000000008a900000|100%| O|  |TAMS 0x000000008a900000, 0x000000008a800000| Untracked 
| 169|0x000000008a900000, 0x000000008aa00000, 0x000000008aa00000|100%| O|  |TAMS 0x000000008aa00000, 0x000000008a900000| Untracked 
| 170|0x000000008aa00000, 0x000000008ab00000, 0x000000008ab00000|100%| O|  |TAMS 0x000000008ab00000, 0x000000008aa00000| Untracked 
| 171|0x000000008ab00000, 0x000000008ac00000, 0x000000008ac00000|100%| O|  |TAMS 0x000000008ac00000, 0x000000008ab00000| Complete 
| 172|0x000000008ac00000, 0x000000008ad00000, 0x000000008ad00000|100%| O|  |TAMS 0x000000008ad00000, 0x000000008ac00000| Untracked 
| 173|0x000000008ad00000, 0x000000008ae00000, 0x000000008ae00000|100%| O|  |TAMS 0x000000008ae00000, 0x000000008ad00000| Untracked 
| 174|0x000000008ae00000, 0x000000008af00000, 0x000000008af00000|100%| O|  |TAMS 0x000000008af00000, 0x000000008ae00000| Untracked 
| 175|0x000000008af00000, 0x000000008b000000, 0x000000008b000000|100%| O|  |TAMS 0x000000008b000000, 0x000000008af00000| Untracked 
| 176|0x000000008b000000, 0x000000008b100000, 0x000000008b100000|100%| O|  |TAMS 0x000000008b100000, 0x000000008b000000| Untracked 
| 177|0x000000008b100000, 0x000000008b200000, 0x000000008b200000|100%| O|  |TAMS 0x000000008b200000, 0x000000008b100000| Untracked 
| 178|0x000000008b200000, 0x000000008b300000, 0x000000008b300000|100%| O|  |TAMS 0x000000008b300000, 0x000000008b200000| Untracked 
| 179|0x000000008b300000, 0x000000008b400000, 0x000000008b400000|100%| O|  |TAMS 0x000000008b400000, 0x000000008b300000| Untracked 
| 180|0x000000008b400000, 0x000000008b500000, 0x000000008b500000|100%|HS|  |TAMS 0x000000008b500000, 0x000000008b400000| Complete 
| 181|0x000000008b500000, 0x000000008b600000, 0x000000008b600000|100%|HC|  |TAMS 0x000000008b600000, 0x000000008b500000| Complete 
| 182|0x000000008b600000, 0x000000008b700000, 0x000000008b700000|100%| O|  |TAMS 0x000000008b700000, 0x000000008b600000| Untracked 
| 183|0x000000008b700000, 0x000000008b800000, 0x000000008b800000|100%| O|  |TAMS 0x000000008b800000, 0x000000008b700000| Complete 
| 184|0x000000008b800000, 0x000000008b900000, 0x000000008b900000|100%|HS|  |TAMS 0x000000008b900000, 0x000000008b800000| Complete 
| 185|0x000000008b900000, 0x000000008ba00000, 0x000000008ba00000|100%|HC|  |TAMS 0x000000008ba00000, 0x000000008b900000| Complete 
| 186|0x000000008ba00000, 0x000000008bb00000, 0x000000008bb00000|100%| O|  |TAMS 0x000000008bb00000, 0x000000008ba00000| Untracked 
| 187|0x000000008bb00000, 0x000000008bc00000, 0x000000008bc00000|100%| O|  |TAMS 0x000000008bc00000, 0x000000008bb00000| Untracked 
| 188|0x000000008bc00000, 0x000000008bd00000, 0x000000008bd00000|100%| O|  |TAMS 0x000000008bd00000, 0x000000008bc00000| Untracked 
| 189|0x000000008bd00000, 0x000000008be00000, 0x000000008be00000|100%| O|  |TAMS 0x000000008be00000, 0x000000008bd00000| Untracked 
| 190|0x000000008be00000, 0x000000008bf00000, 0x000000008bf00000|100%| O|  |TAMS 0x000000008bf00000, 0x000000008be00000| Untracked 
| 191|0x000000008bf00000, 0x000000008c000000, 0x000000008c000000|100%| O|  |TAMS 0x000000008c000000, 0x000000008bf00000| Untracked 
| 192|0x000000008c000000, 0x000000008c100000, 0x000000008c100000|100%| O|  |TAMS 0x000000008c100000, 0x000000008c000000| Untracked 
| 193|0x000000008c100000, 0x000000008c200000, 0x000000008c200000|100%| O|  |TAMS 0x000000008c200000, 0x000000008c100000| Untracked 
| 194|0x000000008c200000, 0x000000008c300000, 0x000000008c300000|100%| O|  |TAMS 0x000000008c300000, 0x000000008c200000| Untracked 
| 195|0x000000008c300000, 0x000000008c400000, 0x000000008c400000|100%| O|  |TAMS 0x000000008c400000, 0x000000008c300000| Untracked 
| 196|0x000000008c400000, 0x000000008c500000, 0x000000008c500000|100%| O|  |TAMS 0x000000008c500000, 0x000000008c400000| Untracked 
| 197|0x000000008c500000, 0x000000008c600000, 0x000000008c600000|100%| O|  |TAMS 0x000000008c600000, 0x000000008c500000| Untracked 
| 198|0x000000008c600000, 0x000000008c700000, 0x000000008c700000|100%| O|  |TAMS 0x000000008c700000, 0x000000008c600000| Untracked 
| 199|0x000000008c700000, 0x000000008c800000, 0x000000008c800000|100%| O|  |TAMS 0x000000008c800000, 0x000000008c700000| Untracked 
| 200|0x000000008c800000, 0x000000008c900000, 0x000000008c900000|100%|HS|  |TAMS 0x000000008c900000, 0x000000008c800000| Complete 
| 201|0x000000008c900000, 0x000000008ca00000, 0x000000008ca00000|100%|HC|  |TAMS 0x000000008ca00000, 0x000000008c900000| Complete 
| 202|0x000000008ca00000, 0x000000008cb00000, 0x000000008cb00000|100%|HC|  |TAMS 0x000000008cb00000, 0x000000008ca00000| Complete 
| 203|0x000000008cb00000, 0x000000008cc00000, 0x000000008cc00000|100%| O|  |TAMS 0x000000008cc00000, 0x000000008cb00000| Untracked 
| 204|0x000000008cc00000, 0x000000008cd00000, 0x000000008cd00000|100%| O|  |TAMS 0x000000008cd00000, 0x000000008cc00000| Untracked 
| 205|0x000000008cd00000, 0x000000008ce00000, 0x000000008ce00000|100%| O|  |TAMS 0x000000008ce00000, 0x000000008cd00000| Untracked 
| 206|0x000000008ce00000, 0x000000008cf00000, 0x000000008cf00000|100%| O|  |TAMS 0x000000008cf00000, 0x000000008ce00000| Untracked 
| 207|0x000000008cf00000, 0x000000008d000000, 0x000000008d000000|100%| O|  |TAMS 0x000000008d000000, 0x000000008cf00000| Untracked 
| 208|0x000000008d000000, 0x000000008d100000, 0x000000008d100000|100%| O|  |TAMS 0x000000008d100000, 0x000000008d000000| Untracked 
| 209|0x000000008d100000, 0x000000008d200000, 0x000000008d200000|100%| O|  |TAMS 0x000000008d200000, 0x000000008d100000| Untracked 
| 210|0x000000008d200000, 0x000000008d300000, 0x000000008d300000|100%| O|  |TAMS 0x000000008d300000, 0x000000008d200000| Untracked 
| 211|0x000000008d300000, 0x000000008d400000, 0x000000008d400000|100%| O|  |TAMS 0x000000008d400000, 0x000000008d300000| Untracked 
| 212|0x000000008d400000, 0x000000008d500000, 0x000000008d500000|100%| O|  |TAMS 0x000000008d500000, 0x000000008d400000| Untracked 
| 213|0x000000008d500000, 0x000000008d600000, 0x000000008d600000|100%| O|  |TAMS 0x000000008d600000, 0x000000008d500000| Complete 
| 214|0x000000008d600000, 0x000000008d700000, 0x000000008d700000|100%| O|  |TAMS 0x000000008d700000, 0x000000008d600000| Untracked 
| 215|0x000000008d700000, 0x000000008d800000, 0x000000008d800000|100%| O|  |TAMS 0x000000008d800000, 0x000000008d700000| Untracked 
| 216|0x000000008d800000, 0x000000008d900000, 0x000000008d900000|100%| O|  |TAMS 0x000000008d900000, 0x000000008d800000| Untracked 
| 217|0x000000008d900000, 0x000000008da00000, 0x000000008da00000|100%| O|  |TAMS 0x000000008da00000, 0x000000008d900000| Complete 
| 218|0x000000008da00000, 0x000000008da00000, 0x000000008db00000|  0%| F|  |TAMS 0x000000008da00000, 0x000000008da00000| Untracked 
| 219|0x000000008db00000, 0x000000008dc00000, 0x000000008dc00000|100%| O|  |TAMS 0x000000008dc00000, 0x000000008db00000| Complete 
| 220|0x000000008dc00000, 0x000000008dd00000, 0x000000008dd00000|100%| O|  |TAMS 0x000000008dd00000, 0x000000008dc00000| Untracked 
| 221|0x000000008dd00000, 0x000000008de00000, 0x000000008de00000|100%| O|  |TAMS 0x000000008de00000, 0x000000008dd00000| Untracked 
| 222|0x000000008de00000, 0x000000008df00000, 0x000000008df00000|100%| O|  |TAMS 0x000000008df00000, 0x000000008de00000| Untracked 
| 223|0x000000008df00000, 0x000000008e000000, 0x000000008e000000|100%| O|  |TAMS 0x000000008e000000, 0x000000008df00000| Untracked 
| 224|0x000000008e000000, 0x000000008e100000, 0x000000008e100000|100%| O|  |TAMS 0x000000008e100000, 0x000000008e000000| Untracked 
| 225|0x000000008e100000, 0x000000008e200000, 0x000000008e200000|100%| O|  |TAMS 0x000000008e200000, 0x000000008e100000| Untracked 
| 226|0x000000008e200000, 0x000000008e300000, 0x000000008e300000|100%| O|  |TAMS 0x000000008e300000, 0x000000008e200000| Untracked 
| 227|0x000000008e300000, 0x000000008e400000, 0x000000008e400000|100%| O|  |TAMS 0x000000008e400000, 0x000000008e300000| Untracked 
| 228|0x000000008e400000, 0x000000008e500000, 0x000000008e500000|100%| O|  |TAMS 0x000000008e500000, 0x000000008e400000| Untracked 
| 229|0x000000008e500000, 0x000000008e600000, 0x000000008e600000|100%| O|  |TAMS 0x000000008e600000, 0x000000008e500000| Untracked 
| 230|0x000000008e600000, 0x000000008e700000, 0x000000008e700000|100%| O|  |TAMS 0x000000008e700000, 0x000000008e600000| Untracked 
| 231|0x000000008e700000, 0x000000008e800000, 0x000000008e800000|100%| O|  |TAMS 0x000000008e800000, 0x000000008e700000| Untracked 
| 232|0x000000008e800000, 0x000000008e900000, 0x000000008e900000|100%| O|  |TAMS 0x000000008e900000, 0x000000008e800000| Untracked 
| 233|0x000000008e900000, 0x000000008ea00000, 0x000000008ea00000|100%| O|  |TAMS 0x000000008ea00000, 0x000000008e900000| Untracked 
| 234|0x000000008ea00000, 0x000000008eb00000, 0x000000008eb00000|100%| O|  |TAMS 0x000000008eb00000, 0x000000008ea00000| Untracked 
| 235|0x000000008eb00000, 0x000000008ec00000, 0x000000008ec00000|100%| O|  |TAMS 0x000000008ec00000, 0x000000008eb00000| Untracked 
| 236|0x000000008ec00000, 0x000000008ed00000, 0x000000008ed00000|100%| O|  |TAMS 0x000000008ed00000, 0x000000008ec00000| Untracked 
| 237|0x000000008ed00000, 0x000000008ee00000, 0x000000008ee00000|100%| O|  |TAMS 0x000000008ee00000, 0x000000008ed00000| Untracked 
| 238|0x000000008ee00000, 0x000000008ee00000, 0x000000008ef00000|  0%| F|  |TAMS 0x000000008ee00000, 0x000000008ee00000| Untracked 
| 239|0x000000008ef00000, 0x000000008f000000, 0x000000008f000000|100%| O|  |TAMS 0x000000008f000000, 0x000000008ef00000| Complete 
| 240|0x000000008f000000, 0x000000008f100000, 0x000000008f100000|100%| O|  |TAMS 0x000000008f100000, 0x000000008f000000| Untracked 
| 241|0x000000008f100000, 0x000000008f200000, 0x000000008f200000|100%| O|  |TAMS 0x000000008f200000, 0x000000008f100000| Untracked 
| 242|0x000000008f200000, 0x000000008f300000, 0x000000008f300000|100%| O|  |TAMS 0x000000008f300000, 0x000000008f200000| Untracked 
| 243|0x000000008f300000, 0x000000008f400000, 0x000000008f400000|100%| O|  |TAMS 0x000000008f400000, 0x000000008f300000| Untracked 
| 244|0x000000008f400000, 0x000000008f500000, 0x000000008f500000|100%| O|  |TAMS 0x000000008f500000, 0x000000008f400000| Untracked 
| 245|0x000000008f500000, 0x000000008f600000, 0x000000008f600000|100%| O|  |TAMS 0x000000008f600000, 0x000000008f500000| Untracked 
| 246|0x000000008f600000, 0x000000008f700000, 0x000000008f700000|100%|HS|  |TAMS 0x000000008f700000, 0x000000008f600000| Complete 
| 247|0x000000008f700000, 0x000000008f800000, 0x000000008f800000|100%|HC|  |TAMS 0x000000008f800000, 0x000000008f700000| Complete 
| 248|0x000000008f800000, 0x000000008f900000, 0x000000008f900000|100%| O|  |TAMS 0x000000008f900000, 0x000000008f800000| Untracked 
| 249|0x000000008f900000, 0x000000008fa00000, 0x000000008fa00000|100%| O|  |TAMS 0x000000008fa00000, 0x000000008f900000| Untracked 
| 250|0x000000008fa00000, 0x000000008fb00000, 0x000000008fb00000|100%| O|  |TAMS 0x000000008fb00000, 0x000000008fa00000| Untracked 
| 251|0x000000008fb00000, 0x000000008fc00000, 0x000000008fc00000|100%| O|  |TAMS 0x000000008fc00000, 0x000000008fb00000| Untracked 
| 252|0x000000008fc00000, 0x000000008fd00000, 0x000000008fd00000|100%| O|  |TAMS 0x000000008fd00000, 0x000000008fc00000| Untracked 
| 253|0x000000008fd00000, 0x000000008fd00000, 0x000000008fe00000|  0%| F|  |TAMS 0x000000008fd00000, 0x000000008fd00000| Untracked 
| 254|0x000000008fe00000, 0x000000008ff00000, 0x000000008ff00000|100%| O|  |TAMS 0x000000008ff00000, 0x000000008fe00000| Untracked 
| 255|0x000000008ff00000, 0x0000000090000000, 0x0000000090000000|100%| O|  |TAMS 0x0000000090000000, 0x000000008ff00000| Untracked 
| 256|0x0000000090000000, 0x0000000090100000, 0x0000000090100000|100%| O|  |TAMS 0x0000000090100000, 0x0000000090000000| Untracked 
| 257|0x0000000090100000, 0x0000000090200000, 0x0000000090200000|100%| O|  |TAMS 0x0000000090200000, 0x0000000090100000| Untracked 
| 258|0x0000000090200000, 0x0000000090300000, 0x0000000090300000|100%| O|  |TAMS 0x0000000090300000, 0x0000000090200000| Complete 
| 259|0x0000000090300000, 0x0000000090400000, 0x0000000090400000|100%| O|  |TAMS 0x0000000090400000, 0x0000000090300000| Untracked 
| 260|0x0000000090400000, 0x0000000090500000, 0x0000000090500000|100%| O|  |TAMS 0x0000000090500000, 0x0000000090400000| Untracked 
| 261|0x0000000090500000, 0x0000000090600000, 0x0000000090600000|100%| O|  |TAMS 0x0000000090600000, 0x0000000090500000| Untracked 
| 262|0x0000000090600000, 0x0000000090700000, 0x0000000090700000|100%| O|  |TAMS 0x0000000090700000, 0x0000000090600000| Complete 
| 263|0x0000000090700000, 0x0000000090700000, 0x0000000090800000|  0%| F|  |TAMS 0x0000000090700000, 0x0000000090700000| Untracked 
| 264|0x0000000090800000, 0x0000000090800000, 0x0000000090900000|  0%| F|  |TAMS 0x0000000090800000, 0x0000000090800000| Untracked 
| 265|0x0000000090900000, 0x0000000090900000, 0x0000000090a00000|  0%| F|  |TAMS 0x0000000090900000, 0x0000000090900000| Untracked 
| 266|0x0000000090a00000, 0x0000000090b00000, 0x0000000090b00000|100%| O|  |TAMS 0x0000000090b00000, 0x0000000090a00000| Untracked 
| 267|0x0000000090b00000, 0x0000000090b00000, 0x0000000090c00000|  0%| F|  |TAMS 0x0000000090b00000, 0x0000000090b00000| Untracked 
| 268|0x0000000090c00000, 0x0000000090c00000, 0x0000000090d00000|  0%| F|  |TAMS 0x0000000090c00000, 0x0000000090c00000| Untracked 
| 269|0x0000000090d00000, 0x0000000090d00000, 0x0000000090e00000|  0%| F|  |TAMS 0x0000000090d00000, 0x0000000090d00000| Untracked 
| 270|0x0000000090e00000, 0x0000000090f00000, 0x0000000090f00000|100%| O|  |TAMS 0x0000000090f00000, 0x0000000090e00000| Untracked 
| 271|0x0000000090f00000, 0x0000000090f00000, 0x0000000091000000|  0%| F|  |TAMS 0x0000000090f00000, 0x0000000090f00000| Untracked 
| 272|0x0000000091000000, 0x0000000091000000, 0x0000000091100000|  0%| F|  |TAMS 0x0000000091000000, 0x0000000091000000| Untracked 
| 273|0x0000000091100000, 0x0000000091100000, 0x0000000091200000|  0%| F|  |TAMS 0x0000000091100000, 0x0000000091100000| Untracked 
| 274|0x0000000091200000, 0x0000000091200000, 0x0000000091300000|  0%| F|  |TAMS 0x0000000091200000, 0x0000000091200000| Untracked 
| 275|0x0000000091300000, 0x0000000091400000, 0x0000000091400000|100%| O|  |TAMS 0x0000000091400000, 0x0000000091300000| Untracked 
| 276|0x0000000091400000, 0x0000000091500000, 0x0000000091500000|100%| O|  |TAMS 0x0000000091500000, 0x0000000091400000| Untracked 
| 277|0x0000000091500000, 0x0000000091600000, 0x0000000091600000|100%| O|  |TAMS 0x0000000091600000, 0x0000000091500000| Untracked 
| 278|0x0000000091600000, 0x0000000091700000, 0x0000000091700000|100%| O|  |TAMS 0x0000000091700000, 0x0000000091600000| Untracked 
| 279|0x0000000091700000, 0x0000000091800000, 0x0000000091800000|100%| O|  |TAMS 0x0000000091800000, 0x0000000091700000| Complete 
| 280|0x0000000091800000, 0x0000000091900000, 0x0000000091900000|100%| O|  |TAMS 0x0000000091900000, 0x0000000091800000| Complete 
| 281|0x0000000091900000, 0x0000000091a00000, 0x0000000091a00000|100%|HS|  |TAMS 0x0000000091a00000, 0x0000000091900000| Complete 
| 282|0x0000000091a00000, 0x0000000091b00000, 0x0000000091b00000|100%|HC|  |TAMS 0x0000000091b00000, 0x0000000091a00000| Complete 
| 283|0x0000000091b00000, 0x0000000091c00000, 0x0000000091c00000|100%|HC|  |TAMS 0x0000000091c00000, 0x0000000091b00000| Complete 
| 284|0x0000000091c00000, 0x0000000091d00000, 0x0000000091d00000|100%|HC|  |TAMS 0x0000000091d00000, 0x0000000091c00000| Complete 
| 285|0x0000000091d00000, 0x0000000091e00000, 0x0000000091e00000|100%|HC|  |TAMS 0x0000000091e00000, 0x0000000091d00000| Complete 
| 286|0x0000000091e00000, 0x0000000091f00000, 0x0000000091f00000|100%|HC|  |TAMS 0x0000000091f00000, 0x0000000091e00000| Complete 
| 287|0x0000000091f00000, 0x0000000092000000, 0x0000000092000000|100%|HC|  |TAMS 0x0000000092000000, 0x0000000091f00000| Complete 
| 288|0x0000000092000000, 0x0000000092100000, 0x0000000092100000|100%|HC|  |TAMS 0x0000000092100000, 0x0000000092000000| Complete 
| 289|0x0000000092100000, 0x0000000092200000, 0x0000000092200000|100%|HC|  |TAMS 0x0000000092200000, 0x0000000092100000| Complete 
| 290|0x0000000092200000, 0x0000000092300000, 0x0000000092300000|100%|HC|  |TAMS 0x0000000092300000, 0x0000000092200000| Complete 
| 291|0x0000000092300000, 0x0000000092400000, 0x0000000092400000|100%|HC|  |TAMS 0x0000000092400000, 0x0000000092300000| Complete 
| 292|0x0000000092400000, 0x0000000092500000, 0x0000000092500000|100%|HC|  |TAMS 0x0000000092500000, 0x0000000092400000| Complete 
| 293|0x0000000092500000, 0x0000000092600000, 0x0000000092600000|100%|HC|  |TAMS 0x0000000092600000, 0x0000000092500000| Complete 
| 294|0x0000000092600000, 0x0000000092700000, 0x0000000092700000|100%|HC|  |TAMS 0x0000000092700000, 0x0000000092600000| Complete 
| 295|0x0000000092700000, 0x0000000092800000, 0x0000000092800000|100%| O|  |TAMS 0x0000000092800000, 0x0000000092700000| Untracked 
| 296|0x0000000092800000, 0x0000000092900000, 0x0000000092900000|100%| O|  |TAMS 0x0000000092900000, 0x0000000092800000| Untracked 
| 297|0x0000000092900000, 0x0000000092a00000, 0x0000000092a00000|100%| O|  |TAMS 0x0000000092a00000, 0x0000000092900000| Untracked 
| 298|0x0000000092a00000, 0x0000000092b00000, 0x0000000092b00000|100%| O|  |TAMS 0x0000000092b00000, 0x0000000092a00000| Untracked 
| 299|0x0000000092b00000, 0x0000000092c00000, 0x0000000092c00000|100%| O|  |TAMS 0x0000000092c00000, 0x0000000092b00000| Untracked 
| 300|0x0000000092c00000, 0x0000000092d00000, 0x0000000092d00000|100%| O|  |TAMS 0x0000000092d00000, 0x0000000092c00000| Untracked 
| 301|0x0000000092d00000, 0x0000000092e00000, 0x0000000092e00000|100%| O|  |TAMS 0x0000000092e00000, 0x0000000092d00000| Untracked 
| 302|0x0000000092e00000, 0x0000000092f00000, 0x0000000092f00000|100%| O|  |TAMS 0x0000000092f00000, 0x0000000092e00000| Untracked 
| 303|0x0000000092f00000, 0x0000000093000000, 0x0000000093000000|100%| O|  |TAMS 0x0000000093000000, 0x0000000092f00000| Untracked 
| 304|0x0000000093000000, 0x0000000093100000, 0x0000000093100000|100%| O|  |TAMS 0x0000000093100000, 0x0000000093000000| Untracked 
| 305|0x0000000093100000, 0x0000000093200000, 0x0000000093200000|100%| O|  |TAMS 0x0000000093200000, 0x0000000093100000| Untracked 
| 306|0x0000000093200000, 0x0000000093300000, 0x0000000093300000|100%| O|  |TAMS 0x0000000093300000, 0x0000000093200000| Untracked 
| 307|0x0000000093300000, 0x0000000093400000, 0x0000000093400000|100%| O|  |TAMS 0x0000000093400000, 0x0000000093300000| Untracked 
| 308|0x0000000093400000, 0x0000000093500000, 0x0000000093500000|100%| O|  |TAMS 0x0000000093500000, 0x0000000093400000| Untracked 
| 309|0x0000000093500000, 0x0000000093600000, 0x0000000093600000|100%| O|  |TAMS 0x0000000093600000, 0x0000000093500000| Untracked 
| 310|0x0000000093600000, 0x0000000093700000, 0x0000000093700000|100%| O|  |TAMS 0x0000000093700000, 0x0000000093600000| Untracked 
| 311|0x0000000093700000, 0x0000000093800000, 0x0000000093800000|100%| O|  |TAMS 0x0000000093800000, 0x0000000093700000| Untracked 
| 312|0x0000000093800000, 0x0000000093900000, 0x0000000093900000|100%| O|  |TAMS 0x0000000093900000, 0x0000000093800000| Untracked 
| 313|0x0000000093900000, 0x0000000093a00000, 0x0000000093a00000|100%| O|  |TAMS 0x0000000093a00000, 0x0000000093900000| Untracked 
| 314|0x0000000093a00000, 0x0000000093b00000, 0x0000000093b00000|100%| O|  |TAMS 0x0000000093b00000, 0x0000000093a00000| Untracked 
| 315|0x0000000093b00000, 0x0000000093c00000, 0x0000000093c00000|100%| O|  |TAMS 0x0000000093c00000, 0x0000000093b00000| Untracked 
| 316|0x0000000093c00000, 0x0000000093d00000, 0x0000000093d00000|100%| O|  |TAMS 0x0000000093d00000, 0x0000000093c00000| Untracked 
| 317|0x0000000093d00000, 0x0000000093dc8400, 0x0000000093e00000| 78%| O|  |TAMS 0x0000000093dc8400, 0x0000000093d00000| Untracked 
| 318|0x0000000093e00000, 0x0000000093e00000, 0x0000000093f00000|  0%| F|  |TAMS 0x0000000093e00000, 0x0000000093e00000| Untracked 
| 319|0x0000000093f00000, 0x0000000093f00000, 0x0000000094000000|  0%| F|  |TAMS 0x0000000093f00000, 0x0000000093f00000| Untracked 
| 320|0x0000000094000000, 0x0000000094000000, 0x0000000094100000|  0%| F|  |TAMS 0x0000000094000000, 0x0000000094000000| Untracked 
| 321|0x0000000094100000, 0x0000000094100000, 0x0000000094200000|  0%| F|  |TAMS 0x0000000094100000, 0x0000000094100000| Untracked 
| 322|0x0000000094200000, 0x0000000094200000, 0x0000000094300000|  0%| F|  |TAMS 0x0000000094200000, 0x0000000094200000| Untracked 
| 323|0x0000000094300000, 0x0000000094300000, 0x0000000094400000|  0%| F|  |TAMS 0x0000000094300000, 0x0000000094300000| Untracked 
| 324|0x0000000094400000, 0x0000000094400000, 0x0000000094500000|  0%| F|  |TAMS 0x0000000094400000, 0x0000000094400000| Untracked 
| 325|0x0000000094500000, 0x0000000094500000, 0x0000000094600000|  0%| F|  |TAMS 0x0000000094500000, 0x0000000094500000| Untracked 
| 326|0x0000000094600000, 0x0000000094600000, 0x0000000094700000|  0%| F|  |TAMS 0x0000000094600000, 0x0000000094600000| Untracked 
| 327|0x0000000094700000, 0x0000000094700000, 0x0000000094800000|  0%| F|  |TAMS 0x0000000094700000, 0x0000000094700000| Untracked 
| 328|0x0000000094800000, 0x0000000094800000, 0x0000000094900000|  0%| F|  |TAMS 0x0000000094800000, 0x0000000094800000| Untracked 
| 329|0x0000000094900000, 0x0000000094900000, 0x0000000094a00000|  0%| F|  |TAMS 0x0000000094900000, 0x0000000094900000| Untracked 
| 330|0x0000000094a00000, 0x0000000094a00000, 0x0000000094b00000|  0%| F|  |TAMS 0x0000000094a00000, 0x0000000094a00000| Untracked 
| 331|0x0000000094b00000, 0x0000000094b00000, 0x0000000094c00000|  0%| F|  |TAMS 0x0000000094b00000, 0x0000000094b00000| Untracked 
| 332|0x0000000094c00000, 0x0000000094c00000, 0x0000000094d00000|  0%| F|  |TAMS 0x0000000094c00000, 0x0000000094c00000| Untracked 
| 333|0x0000000094d00000, 0x0000000094d00000, 0x0000000094e00000|  0%| F|  |TAMS 0x0000000094d00000, 0x0000000094d00000| Untracked 
| 334|0x0000000094e00000, 0x0000000094e00000, 0x0000000094f00000|  0%| F|  |TAMS 0x0000000094e00000, 0x0000000094e00000| Untracked 
| 335|0x0000000094f00000, 0x0000000094f00000, 0x0000000095000000|  0%| F|  |TAMS 0x0000000094f00000, 0x0000000094f00000| Untracked 
| 336|0x0000000095000000, 0x0000000095000000, 0x0000000095100000|  0%| F|  |TAMS 0x0000000095000000, 0x0000000095000000| Untracked 
| 337|0x0000000095100000, 0x0000000095100000, 0x0000000095200000|  0%| F|  |TAMS 0x0000000095100000, 0x0000000095100000| Untracked 
| 338|0x0000000095200000, 0x0000000095200000, 0x0000000095300000|  0%| F|  |TAMS 0x0000000095200000, 0x0000000095200000| Untracked 
| 339|0x0000000095300000, 0x0000000095300000, 0x0000000095400000|  0%| F|  |TAMS 0x0000000095300000, 0x0000000095300000| Untracked 
| 340|0x0000000095400000, 0x0000000095400000, 0x0000000095500000|  0%| F|  |TAMS 0x0000000095400000, 0x0000000095400000| Untracked 
| 341|0x0000000095500000, 0x0000000095500000, 0x0000000095600000|  0%| F|  |TAMS 0x0000000095500000, 0x0000000095500000| Untracked 
| 342|0x0000000095600000, 0x0000000095600000, 0x0000000095700000|  0%| F|  |TAMS 0x0000000095600000, 0x0000000095600000| Untracked 
| 343|0x0000000095700000, 0x0000000095700000, 0x0000000095800000|  0%| F|  |TAMS 0x0000000095700000, 0x0000000095700000| Untracked 
| 344|0x0000000095800000, 0x0000000095800000, 0x0000000095900000|  0%| F|  |TAMS 0x0000000095800000, 0x0000000095800000| Untracked 
| 345|0x0000000095900000, 0x0000000095900000, 0x0000000095a00000|  0%| F|  |TAMS 0x0000000095900000, 0x0000000095900000| Untracked 
| 346|0x0000000095a00000, 0x0000000095a00000, 0x0000000095b00000|  0%| F|  |TAMS 0x0000000095a00000, 0x0000000095a00000| Untracked 
| 347|0x0000000095b00000, 0x0000000095b00000, 0x0000000095c00000|  0%| F|  |TAMS 0x0000000095b00000, 0x0000000095b00000| Untracked 
| 348|0x0000000095c00000, 0x0000000095c00000, 0x0000000095d00000|  0%| F|  |TAMS 0x0000000095c00000, 0x0000000095c00000| Untracked 
| 349|0x0000000095d00000, 0x0000000095d00000, 0x0000000095e00000|  0%| F|  |TAMS 0x0000000095d00000, 0x0000000095d00000| Untracked 
| 350|0x0000000095e00000, 0x0000000095f00000, 0x0000000095f00000|100%| O|  |TAMS 0x0000000095f00000, 0x0000000095e00000| Untracked 
| 351|0x0000000095f00000, 0x0000000096000000, 0x0000000096000000|100%| O|  |TAMS 0x0000000096000000, 0x0000000095f00000| Untracked 
| 352|0x0000000096000000, 0x0000000096100000, 0x0000000096100000|100%| O|  |TAMS 0x0000000096100000, 0x0000000096000000| Untracked 
| 353|0x0000000096100000, 0x0000000096200000, 0x0000000096200000|100%| O|  |TAMS 0x0000000096200000, 0x0000000096100000| Untracked 
| 354|0x0000000096200000, 0x0000000096300000, 0x0000000096300000|100%| O|  |TAMS 0x0000000096300000, 0x0000000096200000| Untracked 
| 355|0x0000000096300000, 0x0000000096400000, 0x0000000096400000|100%| O|  |TAMS 0x0000000096400000, 0x0000000096300000| Untracked 
| 356|0x0000000096400000, 0x0000000096500000, 0x0000000096500000|100%| O|  |TAMS 0x0000000096500000, 0x0000000096400000| Untracked 
| 357|0x0000000096500000, 0x0000000096600000, 0x0000000096600000|100%| O|  |TAMS 0x0000000096600000, 0x0000000096500000| Untracked 
| 358|0x0000000096600000, 0x0000000096700000, 0x0000000096700000|100%| O|  |TAMS 0x0000000096700000, 0x0000000096600000| Untracked 
| 359|0x0000000096700000, 0x0000000096800000, 0x0000000096800000|100%| O|  |TAMS 0x0000000096800000, 0x0000000096700000| Untracked 
| 360|0x0000000096800000, 0x0000000096900000, 0x0000000096900000|100%| O|  |TAMS 0x0000000096900000, 0x0000000096800000| Untracked 
| 361|0x0000000096900000, 0x0000000096a00000, 0x0000000096a00000|100%| O|  |TAMS 0x0000000096a00000, 0x0000000096900000| Untracked 
| 362|0x0000000096a00000, 0x0000000096b00000, 0x0000000096b00000|100%| O|  |TAMS 0x0000000096b00000, 0x0000000096a00000| Untracked 
| 363|0x0000000096b00000, 0x0000000096c00000, 0x0000000096c00000|100%| O|  |TAMS 0x0000000096c00000, 0x0000000096b00000| Untracked 
| 364|0x0000000096c00000, 0x0000000096d00000, 0x0000000096d00000|100%| O|  |TAMS 0x0000000096d00000, 0x0000000096c00000| Untracked 
| 365|0x0000000096d00000, 0x0000000096e00000, 0x0000000096e00000|100%| O|  |TAMS 0x0000000096e00000, 0x0000000096d00000| Untracked 
| 366|0x0000000096e00000, 0x0000000096f00000, 0x0000000096f00000|100%| O|  |TAMS 0x0000000096f00000, 0x0000000096e00000| Untracked 
| 367|0x0000000096f00000, 0x0000000097000000, 0x0000000097000000|100%| O|  |TAMS 0x0000000097000000, 0x0000000096f00000| Untracked 
| 368|0x0000000097000000, 0x0000000097100000, 0x0000000097100000|100%| O|  |TAMS 0x0000000097100000, 0x0000000097000000| Untracked 
| 369|0x0000000097100000, 0x0000000097200000, 0x0000000097200000|100%| O|  |TAMS 0x0000000097200000, 0x0000000097100000| Untracked 
| 370|0x0000000097200000, 0x0000000097300000, 0x0000000097300000|100%| O|  |TAMS 0x0000000097300000, 0x0000000097200000| Untracked 
| 371|0x0000000097300000, 0x0000000097400000, 0x0000000097400000|100%| O|  |TAMS 0x0000000097400000, 0x0000000097300000| Untracked 
| 372|0x0000000097400000, 0x0000000097500000, 0x0000000097500000|100%| O|  |TAMS 0x0000000097500000, 0x0000000097400000| Untracked 
| 373|0x0000000097500000, 0x0000000097600000, 0x0000000097600000|100%| O|  |TAMS 0x0000000097600000, 0x0000000097500000| Untracked 
| 374|0x0000000097600000, 0x0000000097700000, 0x0000000097700000|100%| O|  |TAMS 0x0000000097700000, 0x0000000097600000| Untracked 
| 375|0x0000000097700000, 0x0000000097800000, 0x0000000097800000|100%| O|  |TAMS 0x0000000097800000, 0x0000000097700000| Untracked 
| 376|0x0000000097800000, 0x0000000097900000, 0x0000000097900000|100%| O|  |TAMS 0x0000000097900000, 0x0000000097800000| Untracked 
| 377|0x0000000097900000, 0x0000000097a00000, 0x0000000097a00000|100%| O|  |TAMS 0x0000000097a00000, 0x0000000097900000| Untracked 
| 378|0x0000000097a00000, 0x0000000097b00000, 0x0000000097b00000|100%| O|  |TAMS 0x0000000097b00000, 0x0000000097a00000| Untracked 
| 379|0x0000000097b00000, 0x0000000097c00000, 0x0000000097c00000|100%| O|  |TAMS 0x0000000097c00000, 0x0000000097b00000| Untracked 
| 380|0x0000000097c00000, 0x0000000097d00000, 0x0000000097d00000|100%| O|  |TAMS 0x0000000097d00000, 0x0000000097c00000| Untracked 
| 381|0x0000000097d00000, 0x0000000097e00000, 0x0000000097e00000|100%| O|  |TAMS 0x0000000097e00000, 0x0000000097d00000| Untracked 
| 382|0x0000000097e00000, 0x0000000097f00000, 0x0000000097f00000|100%| O|  |TAMS 0x0000000097f00000, 0x0000000097e00000| Untracked 
| 383|0x0000000097f00000, 0x0000000098000000, 0x0000000098000000|100%| O|  |TAMS 0x0000000098000000, 0x0000000097f00000| Untracked 
| 384|0x0000000098000000, 0x0000000098100000, 0x0000000098100000|100%| O|  |TAMS 0x0000000098100000, 0x0000000098000000| Untracked 
| 385|0x0000000098100000, 0x0000000098200000, 0x0000000098200000|100%| O|  |TAMS 0x0000000098200000, 0x0000000098100000| Untracked 
| 386|0x0000000098200000, 0x0000000098300000, 0x0000000098300000|100%| O|  |TAMS 0x0000000098300000, 0x0000000098200000| Untracked 
| 387|0x0000000098300000, 0x0000000098400000, 0x0000000098400000|100%| O|  |TAMS 0x0000000098400000, 0x0000000098300000| Untracked 
| 388|0x0000000098400000, 0x0000000098500000, 0x0000000098500000|100%| O|  |TAMS 0x0000000098500000, 0x0000000098400000| Untracked 
| 389|0x0000000098500000, 0x0000000098600000, 0x0000000098600000|100%| O|  |TAMS 0x0000000098600000, 0x0000000098500000| Untracked 
| 390|0x0000000098600000, 0x0000000098700000, 0x0000000098700000|100%| O|  |TAMS 0x0000000098700000, 0x0000000098600000| Untracked 
| 391|0x0000000098700000, 0x0000000098800000, 0x0000000098800000|100%| O|  |TAMS 0x0000000098800000, 0x0000000098700000| Untracked 
| 392|0x0000000098800000, 0x0000000098900000, 0x0000000098900000|100%| O|  |TAMS 0x0000000098900000, 0x0000000098800000| Untracked 
| 393|0x0000000098900000, 0x0000000098a00000, 0x0000000098a00000|100%| O|  |TAMS 0x0000000098a00000, 0x0000000098900000| Untracked 
| 394|0x0000000098a00000, 0x0000000098b00000, 0x0000000098b00000|100%| O|  |TAMS 0x0000000098b00000, 0x0000000098a00000| Untracked 
| 395|0x0000000098b00000, 0x0000000098c00000, 0x0000000098c00000|100%| O|  |TAMS 0x0000000098c00000, 0x0000000098b00000| Untracked 
| 396|0x0000000098c00000, 0x0000000098d00000, 0x0000000098d00000|100%| O|  |TAMS 0x0000000098d00000, 0x0000000098c00000| Untracked 
| 397|0x0000000098d00000, 0x0000000098e00000, 0x0000000098e00000|100%| O|  |TAMS 0x0000000098e00000, 0x0000000098d00000| Untracked 
| 398|0x0000000098e00000, 0x0000000098f00000, 0x0000000098f00000|100%| O|  |TAMS 0x0000000098f00000, 0x0000000098e00000| Untracked 
| 399|0x0000000098f00000, 0x0000000099000000, 0x0000000099000000|100%| O|  |TAMS 0x0000000099000000, 0x0000000098f00000| Untracked 
| 400|0x0000000099000000, 0x0000000099100000, 0x0000000099100000|100%| O|  |TAMS 0x0000000099100000, 0x0000000099000000| Untracked 
| 401|0x0000000099100000, 0x0000000099200000, 0x0000000099200000|100%| O|  |TAMS 0x0000000099200000, 0x0000000099100000| Untracked 
| 402|0x0000000099200000, 0x0000000099300000, 0x0000000099300000|100%| O|  |TAMS 0x0000000099300000, 0x0000000099200000| Untracked 
| 403|0x0000000099300000, 0x0000000099400000, 0x0000000099400000|100%| O|  |TAMS 0x0000000099400000, 0x0000000099300000| Untracked 
| 404|0x0000000099400000, 0x0000000099500000, 0x0000000099500000|100%| O|  |TAMS 0x0000000099500000, 0x0000000099400000| Untracked 
| 405|0x0000000099500000, 0x0000000099600000, 0x0000000099600000|100%| O|  |TAMS 0x0000000099600000, 0x0000000099500000| Untracked 
| 406|0x0000000099600000, 0x0000000099700000, 0x0000000099700000|100%| O|  |TAMS 0x0000000099700000, 0x0000000099600000| Untracked 
| 407|0x0000000099700000, 0x0000000099800000, 0x0000000099800000|100%| O|  |TAMS 0x0000000099800000, 0x0000000099700000| Untracked 
| 408|0x0000000099800000, 0x0000000099900000, 0x0000000099900000|100%| O|  |TAMS 0x0000000099900000, 0x0000000099800000| Untracked 
| 409|0x0000000099900000, 0x0000000099a00000, 0x0000000099a00000|100%| O|  |TAMS 0x0000000099a00000, 0x0000000099900000| Untracked 
| 410|0x0000000099a00000, 0x0000000099b00000, 0x0000000099b00000|100%| O|  |TAMS 0x0000000099b00000, 0x0000000099a00000| Untracked 
| 411|0x0000000099b00000, 0x0000000099c00000, 0x0000000099c00000|100%| O|  |TAMS 0x0000000099c00000, 0x0000000099b00000| Untracked 
| 412|0x0000000099c00000, 0x0000000099d00000, 0x0000000099d00000|100%| O|  |TAMS 0x0000000099d00000, 0x0000000099c00000| Untracked 
| 413|0x0000000099d00000, 0x0000000099e00000, 0x0000000099e00000|100%| O|  |TAMS 0x0000000099e00000, 0x0000000099d00000| Untracked 
| 414|0x0000000099e00000, 0x0000000099f00000, 0x0000000099f00000|100%| O|  |TAMS 0x0000000099f00000, 0x0000000099e00000| Untracked 
| 415|0x0000000099f00000, 0x000000009a000000, 0x000000009a000000|100%| O|  |TAMS 0x000000009a000000, 0x0000000099f00000| Untracked 
| 416|0x000000009a000000, 0x000000009a100000, 0x000000009a100000|100%| O|  |TAMS 0x000000009a100000, 0x000000009a000000| Untracked 
| 417|0x000000009a100000, 0x000000009a200000, 0x000000009a200000|100%| O|  |TAMS 0x000000009a200000, 0x000000009a100000| Untracked 
| 418|0x000000009a200000, 0x000000009a300000, 0x000000009a300000|100%| O|  |TAMS 0x000000009a300000, 0x000000009a200000| Untracked 
| 419|0x000000009a300000, 0x000000009a400000, 0x000000009a400000|100%| O|  |TAMS 0x000000009a400000, 0x000000009a300000| Untracked 
| 420|0x000000009a400000, 0x000000009a500000, 0x000000009a500000|100%| O|  |TAMS 0x000000009a500000, 0x000000009a400000| Untracked 
| 421|0x000000009a500000, 0x000000009a600000, 0x000000009a600000|100%| O|  |TAMS 0x000000009a600000, 0x000000009a500000| Untracked 
| 422|0x000000009a600000, 0x000000009a700000, 0x000000009a700000|100%| O|  |TAMS 0x000000009a700000, 0x000000009a600000| Untracked 
| 423|0x000000009a700000, 0x000000009a800000, 0x000000009a800000|100%| O|  |TAMS 0x000000009a800000, 0x000000009a700000| Untracked 
| 424|0x000000009a800000, 0x000000009a900000, 0x000000009a900000|100%| O|  |TAMS 0x000000009a900000, 0x000000009a800000| Complete 
| 425|0x000000009a900000, 0x000000009aa00000, 0x000000009aa00000|100%| O|  |TAMS 0x000000009aa00000, 0x000000009a900000| Untracked 
| 426|0x000000009aa00000, 0x000000009ab00000, 0x000000009ab00000|100%| O|  |TAMS 0x000000009ab00000, 0x000000009aa00000| Untracked 
| 427|0x000000009ab00000, 0x000000009ac00000, 0x000000009ac00000|100%| O|  |TAMS 0x000000009ac00000, 0x000000009ab00000| Untracked 
| 428|0x000000009ac00000, 0x000000009ad00000, 0x000000009ad00000|100%| O|  |TAMS 0x000000009ad00000, 0x000000009ac00000| Untracked 
| 429|0x000000009ad00000, 0x000000009ae00000, 0x000000009ae00000|100%| O|  |TAMS 0x000000009ae00000, 0x000000009ad00000| Untracked 
| 430|0x000000009ae00000, 0x000000009af00000, 0x000000009af00000|100%| O|  |TAMS 0x000000009af00000, 0x000000009ae00000| Untracked 
| 431|0x000000009af00000, 0x000000009b000000, 0x000000009b000000|100%| O|  |TAMS 0x000000009b000000, 0x000000009af00000| Untracked 
| 432|0x000000009b000000, 0x000000009b000000, 0x000000009b100000|  0%| F|  |TAMS 0x000000009b000000, 0x000000009b000000| Untracked 
| 433|0x000000009b100000, 0x000000009b200000, 0x000000009b200000|100%| O|  |TAMS 0x000000009b200000, 0x000000009b100000| Complete 
| 434|0x000000009b200000, 0x000000009b200000, 0x000000009b300000|  0%| F|  |TAMS 0x000000009b200000, 0x000000009b200000| Untracked 
| 435|0x000000009b300000, 0x000000009b300000, 0x000000009b400000|  0%| F|  |TAMS 0x000000009b300000, 0x000000009b300000| Untracked 
| 436|0x000000009b400000, 0x000000009b400000, 0x000000009b500000|  0%| F|  |TAMS 0x000000009b400000, 0x000000009b400000| Untracked 
| 437|0x000000009b500000, 0x000000009b500000, 0x000000009b600000|  0%| F|  |TAMS 0x000000009b500000, 0x000000009b500000| Untracked 
| 438|0x000000009b600000, 0x000000009b600000, 0x000000009b700000|  0%| F|  |TAMS 0x000000009b600000, 0x000000009b600000| Untracked 
| 439|0x000000009b700000, 0x000000009b700000, 0x000000009b800000|  0%| F|  |TAMS 0x000000009b700000, 0x000000009b700000| Untracked 
| 440|0x000000009b800000, 0x000000009b800000, 0x000000009b900000|  0%| F|  |TAMS 0x000000009b800000, 0x000000009b800000| Untracked 
| 441|0x000000009b900000, 0x000000009b900000, 0x000000009ba00000|  0%| F|  |TAMS 0x000000009b900000, 0x000000009b900000| Untracked 
| 442|0x000000009ba00000, 0x000000009ba00000, 0x000000009bb00000|  0%| F|  |TAMS 0x000000009ba00000, 0x000000009ba00000| Untracked 
| 443|0x000000009bb00000, 0x000000009bb00000, 0x000000009bc00000|  0%| F|  |TAMS 0x000000009bb00000, 0x000000009bb00000| Untracked 
| 444|0x000000009bc00000, 0x000000009bc00000, 0x000000009bd00000|  0%| F|  |TAMS 0x000000009bc00000, 0x000000009bc00000| Untracked 
| 445|0x000000009bd00000, 0x000000009bd00000, 0x000000009be00000|  0%| F|  |TAMS 0x000000009bd00000, 0x000000009bd00000| Untracked 
| 446|0x000000009be00000, 0x000000009be00000, 0x000000009bf00000|  0%| F|  |TAMS 0x000000009be00000, 0x000000009be00000| Untracked 
| 447|0x000000009bf00000, 0x000000009bf00000, 0x000000009c000000|  0%| F|  |TAMS 0x000000009bf00000, 0x000000009bf00000| Untracked 
| 448|0x000000009c000000, 0x000000009c000000, 0x000000009c100000|  0%| F|  |TAMS 0x000000009c000000, 0x000000009c000000| Untracked 
| 449|0x000000009c100000, 0x000000009c100000, 0x000000009c200000|  0%| F|  |TAMS 0x000000009c100000, 0x000000009c100000| Untracked 
| 450|0x000000009c200000, 0x000000009c200000, 0x000000009c300000|  0%| F|  |TAMS 0x000000009c200000, 0x000000009c200000| Untracked 
| 451|0x000000009c300000, 0x000000009c300000, 0x000000009c400000|  0%| F|  |TAMS 0x000000009c300000, 0x000000009c300000| Untracked 
| 452|0x000000009c400000, 0x000000009c400000, 0x000000009c500000|  0%| F|  |TAMS 0x000000009c400000, 0x000000009c400000| Untracked 
| 453|0x000000009c500000, 0x000000009c500000, 0x000000009c600000|  0%| F|  |TAMS 0x000000009c500000, 0x000000009c500000| Untracked 
| 454|0x000000009c600000, 0x000000009c600000, 0x000000009c700000|  0%| F|  |TAMS 0x000000009c600000, 0x000000009c600000| Untracked 
| 455|0x000000009c700000, 0x000000009c700000, 0x000000009c800000|  0%| F|  |TAMS 0x000000009c700000, 0x000000009c700000| Untracked 
| 456|0x000000009c800000, 0x000000009c800000, 0x000000009c900000|  0%| F|  |TAMS 0x000000009c800000, 0x000000009c800000| Untracked 
| 457|0x000000009c900000, 0x000000009c900000, 0x000000009ca00000|  0%| F|  |TAMS 0x000000009c900000, 0x000000009c900000| Untracked 
| 458|0x000000009ca00000, 0x000000009ca00000, 0x000000009cb00000|  0%| F|  |TAMS 0x000000009ca00000, 0x000000009ca00000| Untracked 
| 459|0x000000009cb00000, 0x000000009cb00000, 0x000000009cc00000|  0%| F|  |TAMS 0x000000009cb00000, 0x000000009cb00000| Untracked 
| 460|0x000000009cc00000, 0x000000009cc00000, 0x000000009cd00000|  0%| F|  |TAMS 0x000000009cc00000, 0x000000009cc00000| Untracked 
| 461|0x000000009cd00000, 0x000000009cd00000, 0x000000009ce00000|  0%| F|  |TAMS 0x000000009cd00000, 0x000000009cd00000| Untracked 
| 462|0x000000009ce00000, 0x000000009ce00000, 0x000000009cf00000|  0%| F|  |TAMS 0x000000009ce00000, 0x000000009ce00000| Untracked 
| 463|0x000000009cf00000, 0x000000009cf00000, 0x000000009d000000|  0%| F|  |TAMS 0x000000009cf00000, 0x000000009cf00000| Untracked 
| 464|0x000000009d000000, 0x000000009d000000, 0x000000009d100000|  0%| F|  |TAMS 0x000000009d000000, 0x000000009d000000| Untracked 
| 465|0x000000009d100000, 0x000000009d100000, 0x000000009d200000|  0%| F|  |TAMS 0x000000009d100000, 0x000000009d100000| Untracked 
| 466|0x000000009d200000, 0x000000009d200000, 0x000000009d300000|  0%| F|  |TAMS 0x000000009d200000, 0x000000009d200000| Untracked 
| 467|0x000000009d300000, 0x000000009d300000, 0x000000009d400000|  0%| F|  |TAMS 0x000000009d300000, 0x000000009d300000| Untracked 
| 468|0x000000009d400000, 0x000000009d400000, 0x000000009d500000|  0%| F|  |TAMS 0x000000009d400000, 0x000000009d400000| Untracked 
| 469|0x000000009d500000, 0x000000009d500000, 0x000000009d600000|  0%| F|  |TAMS 0x000000009d500000, 0x000000009d500000| Untracked 
| 470|0x000000009d600000, 0x000000009d600000, 0x000000009d700000|  0%| F|  |TAMS 0x000000009d600000, 0x000000009d600000| Untracked 
| 471|0x000000009d700000, 0x000000009d700000, 0x000000009d800000|  0%| F|  |TAMS 0x000000009d700000, 0x000000009d700000| Untracked 
| 472|0x000000009d800000, 0x000000009d800000, 0x000000009d900000|  0%| F|  |TAMS 0x000000009d800000, 0x000000009d800000| Untracked 
| 473|0x000000009d900000, 0x000000009d900000, 0x000000009da00000|  0%| F|  |TAMS 0x000000009d900000, 0x000000009d900000| Untracked 
| 474|0x000000009da00000, 0x000000009da00000, 0x000000009db00000|  0%| F|  |TAMS 0x000000009da00000, 0x000000009da00000| Untracked 
| 475|0x000000009db00000, 0x000000009db00000, 0x000000009dc00000|  0%| F|  |TAMS 0x000000009db00000, 0x000000009db00000| Untracked 
| 476|0x000000009dc00000, 0x000000009dc00000, 0x000000009dd00000|  0%| F|  |TAMS 0x000000009dc00000, 0x000000009dc00000| Untracked 
| 477|0x000000009dd00000, 0x000000009dd00000, 0x000000009de00000|  0%| F|  |TAMS 0x000000009dd00000, 0x000000009dd00000| Untracked 
| 478|0x000000009de00000, 0x000000009de00000, 0x000000009df00000|  0%| F|  |TAMS 0x000000009de00000, 0x000000009de00000| Untracked 
| 479|0x000000009df00000, 0x000000009df00000, 0x000000009e000000|  0%| F|  |TAMS 0x000000009df00000, 0x000000009df00000| Untracked 
| 480|0x000000009e000000, 0x000000009e000000, 0x000000009e100000|  0%| F|  |TAMS 0x000000009e000000, 0x000000009e000000| Untracked 
| 481|0x000000009e100000, 0x000000009e100000, 0x000000009e200000|  0%| F|  |TAMS 0x000000009e100000, 0x000000009e100000| Untracked 
| 482|0x000000009e200000, 0x000000009e200000, 0x000000009e300000|  0%| F|  |TAMS 0x000000009e200000, 0x000000009e200000| Untracked 
| 483|0x000000009e300000, 0x000000009e300000, 0x000000009e400000|  0%| F|  |TAMS 0x000000009e300000, 0x000000009e300000| Untracked 
| 484|0x000000009e400000, 0x000000009e400000, 0x000000009e500000|  0%| F|  |TAMS 0x000000009e400000, 0x000000009e400000| Untracked 
| 485|0x000000009e500000, 0x000000009e500000, 0x000000009e600000|  0%| F|  |TAMS 0x000000009e500000, 0x000000009e500000| Untracked 
| 486|0x000000009e600000, 0x000000009e600000, 0x000000009e700000|  0%| F|  |TAMS 0x000000009e600000, 0x000000009e600000| Untracked 
| 487|0x000000009e700000, 0x000000009e700000, 0x000000009e800000|  0%| F|  |TAMS 0x000000009e700000, 0x000000009e700000| Untracked 
| 488|0x000000009e800000, 0x000000009e800000, 0x000000009e900000|  0%| F|  |TAMS 0x000000009e800000, 0x000000009e800000| Untracked 
| 489|0x000000009e900000, 0x000000009e900000, 0x000000009ea00000|  0%| F|  |TAMS 0x000000009e900000, 0x000000009e900000| Untracked 
| 490|0x000000009ea00000, 0x000000009ea00000, 0x000000009eb00000|  0%| F|  |TAMS 0x000000009ea00000, 0x000000009ea00000| Untracked 
| 491|0x000000009eb00000, 0x000000009eb00000, 0x000000009ec00000|  0%| F|  |TAMS 0x000000009eb00000, 0x000000009eb00000| Untracked 
| 492|0x000000009ec00000, 0x000000009ec00000, 0x000000009ed00000|  0%| F|  |TAMS 0x000000009ec00000, 0x000000009ec00000| Untracked 
| 493|0x000000009ed00000, 0x000000009ed00000, 0x000000009ee00000|  0%| F|  |TAMS 0x000000009ed00000, 0x000000009ed00000| Untracked 
| 494|0x000000009ee00000, 0x000000009ee00000, 0x000000009ef00000|  0%| F|  |TAMS 0x000000009ee00000, 0x000000009ee00000| Untracked 
| 495|0x000000009ef00000, 0x000000009ef00000, 0x000000009f000000|  0%| F|  |TAMS 0x000000009ef00000, 0x000000009ef00000| Untracked 
| 496|0x000000009f000000, 0x000000009f000000, 0x000000009f100000|  0%| F|  |TAMS 0x000000009f000000, 0x000000009f000000| Untracked 
| 497|0x000000009f100000, 0x000000009f100000, 0x000000009f200000|  0%| F|  |TAMS 0x000000009f100000, 0x000000009f100000| Untracked 
| 498|0x000000009f200000, 0x000000009f200000, 0x000000009f300000|  0%| F|  |TAMS 0x000000009f200000, 0x000000009f200000| Untracked 
| 499|0x000000009f300000, 0x000000009f300000, 0x000000009f400000|  0%| F|  |TAMS 0x000000009f300000, 0x000000009f300000| Untracked 
| 500|0x000000009f400000, 0x000000009f400000, 0x000000009f500000|  0%| F|  |TAMS 0x000000009f400000, 0x000000009f400000| Untracked 
| 501|0x000000009f500000, 0x000000009f500000, 0x000000009f600000|  0%| F|  |TAMS 0x000000009f500000, 0x000000009f500000| Untracked 
| 502|0x000000009f600000, 0x000000009f600000, 0x000000009f700000|  0%| F|  |TAMS 0x000000009f600000, 0x000000009f600000| Untracked 
| 503|0x000000009f700000, 0x000000009f700000, 0x000000009f800000|  0%| F|  |TAMS 0x000000009f700000, 0x000000009f700000| Untracked 
| 504|0x000000009f800000, 0x000000009f800000, 0x000000009f900000|  0%| F|  |TAMS 0x000000009f800000, 0x000000009f800000| Untracked 
| 505|0x000000009f900000, 0x000000009f900000, 0x000000009fa00000|  0%| F|  |TAMS 0x000000009f900000, 0x000000009f900000| Untracked 
| 506|0x000000009fa00000, 0x000000009fa00000, 0x000000009fb00000|  0%| F|  |TAMS 0x000000009fa00000, 0x000000009fa00000| Untracked 
| 507|0x000000009fb00000, 0x000000009fb00000, 0x000000009fc00000|  0%| F|  |TAMS 0x000000009fb00000, 0x000000009fb00000| Untracked 
| 508|0x000000009fc00000, 0x000000009fc00000, 0x000000009fd00000|  0%| F|  |TAMS 0x000000009fc00000, 0x000000009fc00000| Untracked 
| 509|0x000000009fd00000, 0x000000009fd00000, 0x000000009fe00000|  0%| F|  |TAMS 0x000000009fd00000, 0x000000009fd00000| Untracked 
| 510|0x000000009fe00000, 0x000000009fe00000, 0x000000009ff00000|  0%| F|  |TAMS 0x000000009fe00000, 0x000000009fe00000| Untracked 
| 511|0x000000009ff00000, 0x000000009ff00000, 0x00000000a0000000|  0%| F|  |TAMS 0x000000009ff00000, 0x000000009ff00000| Untracked 
| 512|0x00000000a0000000, 0x00000000a0000000, 0x00000000a0100000|  0%| F|  |TAMS 0x00000000a0000000, 0x00000000a0000000| Untracked 
| 513|0x00000000a0100000, 0x00000000a0100000, 0x00000000a0200000|  0%| F|  |TAMS 0x00000000a0100000, 0x00000000a0100000| Untracked 
| 514|0x00000000a0200000, 0x00000000a0200000, 0x00000000a0300000|  0%| F|  |TAMS 0x00000000a0200000, 0x00000000a0200000| Untracked 
| 515|0x00000000a0300000, 0x00000000a0300000, 0x00000000a0400000|  0%| F|  |TAMS 0x00000000a0300000, 0x00000000a0300000| Untracked 
| 516|0x00000000a0400000, 0x00000000a0400000, 0x00000000a0500000|  0%| F|  |TAMS 0x00000000a0400000, 0x00000000a0400000| Untracked 
| 517|0x00000000a0500000, 0x00000000a0500000, 0x00000000a0600000|  0%| F|  |TAMS 0x00000000a0500000, 0x00000000a0500000| Untracked 
| 518|0x00000000a0600000, 0x00000000a0600000, 0x00000000a0700000|  0%| F|  |TAMS 0x00000000a0600000, 0x00000000a0600000| Untracked 
| 519|0x00000000a0700000, 0x00000000a0700000, 0x00000000a0800000|  0%| F|  |TAMS 0x00000000a0700000, 0x00000000a0700000| Untracked 
| 520|0x00000000a0800000, 0x00000000a0800000, 0x00000000a0900000|  0%| F|  |TAMS 0x00000000a0800000, 0x00000000a0800000| Untracked 
| 521|0x00000000a0900000, 0x00000000a0900000, 0x00000000a0a00000|  0%| F|  |TAMS 0x00000000a0900000, 0x00000000a0900000| Untracked 
| 522|0x00000000a0a00000, 0x00000000a0a00000, 0x00000000a0b00000|  0%| F|  |TAMS 0x00000000a0a00000, 0x00000000a0a00000| Untracked 
| 523|0x00000000a0b00000, 0x00000000a0b00000, 0x00000000a0c00000|  0%| F|  |TAMS 0x00000000a0b00000, 0x00000000a0b00000| Untracked 
| 524|0x00000000a0c00000, 0x00000000a0c00000, 0x00000000a0d00000|  0%| F|  |TAMS 0x00000000a0c00000, 0x00000000a0c00000| Untracked 
| 525|0x00000000a0d00000, 0x00000000a0d00000, 0x00000000a0e00000|  0%| F|  |TAMS 0x00000000a0d00000, 0x00000000a0d00000| Untracked 
| 526|0x00000000a0e00000, 0x00000000a0e00000, 0x00000000a0f00000|  0%| F|  |TAMS 0x00000000a0e00000, 0x00000000a0e00000| Untracked 
| 527|0x00000000a0f00000, 0x00000000a0f00000, 0x00000000a1000000|  0%| F|  |TAMS 0x00000000a0f00000, 0x00000000a0f00000| Untracked 
| 528|0x00000000a1000000, 0x00000000a1000000, 0x00000000a1100000|  0%| F|  |TAMS 0x00000000a1000000, 0x00000000a1000000| Untracked 
| 529|0x00000000a1100000, 0x00000000a1100000, 0x00000000a1200000|  0%| F|  |TAMS 0x00000000a1100000, 0x00000000a1100000| Untracked 
| 530|0x00000000a1200000, 0x00000000a1200000, 0x00000000a1300000|  0%| F|  |TAMS 0x00000000a1200000, 0x00000000a1200000| Untracked 
| 531|0x00000000a1300000, 0x00000000a1300000, 0x00000000a1400000|  0%| F|  |TAMS 0x00000000a1300000, 0x00000000a1300000| Untracked 
| 532|0x00000000a1400000, 0x00000000a1400000, 0x00000000a1500000|  0%| F|  |TAMS 0x00000000a1400000, 0x00000000a1400000| Untracked 
| 533|0x00000000a1500000, 0x00000000a1500000, 0x00000000a1600000|  0%| F|  |TAMS 0x00000000a1500000, 0x00000000a1500000| Untracked 
| 534|0x00000000a1600000, 0x00000000a1600000, 0x00000000a1700000|  0%| F|  |TAMS 0x00000000a1600000, 0x00000000a1600000| Untracked 
| 535|0x00000000a1700000, 0x00000000a1700000, 0x00000000a1800000|  0%| F|  |TAMS 0x00000000a1700000, 0x00000000a1700000| Untracked 
| 536|0x00000000a1800000, 0x00000000a1800000, 0x00000000a1900000|  0%| F|  |TAMS 0x00000000a1800000, 0x00000000a1800000| Untracked 
| 537|0x00000000a1900000, 0x00000000a1900000, 0x00000000a1a00000|  0%| F|  |TAMS 0x00000000a1900000, 0x00000000a1900000| Untracked 
| 538|0x00000000a1a00000, 0x00000000a1a00000, 0x00000000a1b00000|  0%| F|  |TAMS 0x00000000a1a00000, 0x00000000a1a00000| Untracked 
| 539|0x00000000a1b00000, 0x00000000a1b00000, 0x00000000a1c00000|  0%| F|  |TAMS 0x00000000a1b00000, 0x00000000a1b00000| Untracked 
| 540|0x00000000a1c00000, 0x00000000a1c00000, 0x00000000a1d00000|  0%| F|  |TAMS 0x00000000a1c00000, 0x00000000a1c00000| Untracked 
| 541|0x00000000a1d00000, 0x00000000a1d00000, 0x00000000a1e00000|  0%| F|  |TAMS 0x00000000a1d00000, 0x00000000a1d00000| Untracked 
| 542|0x00000000a1e00000, 0x00000000a1e00000, 0x00000000a1f00000|  0%| F|  |TAMS 0x00000000a1e00000, 0x00000000a1e00000| Untracked 
| 543|0x00000000a1f00000, 0x00000000a1f00000, 0x00000000a2000000|  0%| F|  |TAMS 0x00000000a1f00000, 0x00000000a1f00000| Untracked 
| 544|0x00000000a2000000, 0x00000000a2000000, 0x00000000a2100000|  0%| F|  |TAMS 0x00000000a2000000, 0x00000000a2000000| Untracked 
| 545|0x00000000a2100000, 0x00000000a2100000, 0x00000000a2200000|  0%| F|  |TAMS 0x00000000a2100000, 0x00000000a2100000| Untracked 
| 546|0x00000000a2200000, 0x00000000a2200000, 0x00000000a2300000|  0%| F|  |TAMS 0x00000000a2200000, 0x00000000a2200000| Untracked 
| 547|0x00000000a2300000, 0x00000000a2300000, 0x00000000a2400000|  0%| F|  |TAMS 0x00000000a2300000, 0x00000000a2300000| Untracked 
| 548|0x00000000a2400000, 0x00000000a2400000, 0x00000000a2500000|  0%| F|  |TAMS 0x00000000a2400000, 0x00000000a2400000| Untracked 
| 549|0x00000000a2500000, 0x00000000a2500000, 0x00000000a2600000|  0%| F|  |TAMS 0x00000000a2500000, 0x00000000a2500000| Untracked 
| 550|0x00000000a2600000, 0x00000000a2600000, 0x00000000a2700000|  0%| F|  |TAMS 0x00000000a2600000, 0x00000000a2600000| Untracked 
| 551|0x00000000a2700000, 0x00000000a2700000, 0x00000000a2800000|  0%| F|  |TAMS 0x00000000a2700000, 0x00000000a2700000| Untracked 
| 552|0x00000000a2800000, 0x00000000a2800000, 0x00000000a2900000|  0%| F|  |TAMS 0x00000000a2800000, 0x00000000a2800000| Untracked 
| 553|0x00000000a2900000, 0x00000000a2900000, 0x00000000a2a00000|  0%| F|  |TAMS 0x00000000a2900000, 0x00000000a2900000| Untracked 
| 554|0x00000000a2a00000, 0x00000000a2a00000, 0x00000000a2b00000|  0%| F|  |TAMS 0x00000000a2a00000, 0x00000000a2a00000| Untracked 
| 555|0x00000000a2b00000, 0x00000000a2b00000, 0x00000000a2c00000|  0%| F|  |TAMS 0x00000000a2b00000, 0x00000000a2b00000| Untracked 
| 556|0x00000000a2c00000, 0x00000000a2c00000, 0x00000000a2d00000|  0%| F|  |TAMS 0x00000000a2c00000, 0x00000000a2c00000| Untracked 
| 557|0x00000000a2d00000, 0x00000000a2d00000, 0x00000000a2e00000|  0%| F|  |TAMS 0x00000000a2d00000, 0x00000000a2d00000| Untracked 
| 558|0x00000000a2e00000, 0x00000000a2e00000, 0x00000000a2f00000|  0%| F|  |TAMS 0x00000000a2e00000, 0x00000000a2e00000| Untracked 
| 559|0x00000000a2f00000, 0x00000000a2f00000, 0x00000000a3000000|  0%| F|  |TAMS 0x00000000a2f00000, 0x00000000a2f00000| Untracked 
| 560|0x00000000a3000000, 0x00000000a3000000, 0x00000000a3100000|  0%| F|  |TAMS 0x00000000a3000000, 0x00000000a3000000| Untracked 
| 561|0x00000000a3100000, 0x00000000a3100000, 0x00000000a3200000|  0%| F|  |TAMS 0x00000000a3100000, 0x00000000a3100000| Untracked 
| 562|0x00000000a3200000, 0x00000000a3200000, 0x00000000a3300000|  0%| F|  |TAMS 0x00000000a3200000, 0x00000000a3200000| Untracked 
| 563|0x00000000a3300000, 0x00000000a3300000, 0x00000000a3400000|  0%| F|  |TAMS 0x00000000a3300000, 0x00000000a3300000| Untracked 
| 564|0x00000000a3400000, 0x00000000a3400000, 0x00000000a3500000|  0%| F|  |TAMS 0x00000000a3400000, 0x00000000a3400000| Untracked 
| 565|0x00000000a3500000, 0x00000000a3500000, 0x00000000a3600000|  0%| F|  |TAMS 0x00000000a3500000, 0x00000000a3500000| Untracked 
| 566|0x00000000a3600000, 0x00000000a3600000, 0x00000000a3700000|  0%| F|  |TAMS 0x00000000a3600000, 0x00000000a3600000| Untracked 
| 567|0x00000000a3700000, 0x00000000a3700000, 0x00000000a3800000|  0%| F|  |TAMS 0x00000000a3700000, 0x00000000a3700000| Untracked 
| 568|0x00000000a3800000, 0x00000000a3800000, 0x00000000a3900000|  0%| F|  |TAMS 0x00000000a3800000, 0x00000000a3800000| Untracked 
| 569|0x00000000a3900000, 0x00000000a3900000, 0x00000000a3a00000|  0%| F|  |TAMS 0x00000000a3900000, 0x00000000a3900000| Untracked 
| 570|0x00000000a3a00000, 0x00000000a3a00000, 0x00000000a3b00000|  0%| F|  |TAMS 0x00000000a3a00000, 0x00000000a3a00000| Untracked 
| 571|0x00000000a3b00000, 0x00000000a3b00000, 0x00000000a3c00000|  0%| F|  |TAMS 0x00000000a3b00000, 0x00000000a3b00000| Untracked 
| 572|0x00000000a3c00000, 0x00000000a3c00000, 0x00000000a3d00000|  0%| F|  |TAMS 0x00000000a3c00000, 0x00000000a3c00000| Untracked 
| 573|0x00000000a3d00000, 0x00000000a3d00000, 0x00000000a3e00000|  0%| F|  |TAMS 0x00000000a3d00000, 0x00000000a3d00000| Untracked 
| 574|0x00000000a3e00000, 0x00000000a3e00000, 0x00000000a3f00000|  0%| F|  |TAMS 0x00000000a3e00000, 0x00000000a3e00000| Untracked 
| 575|0x00000000a3f00000, 0x00000000a3f00000, 0x00000000a4000000|  0%| F|  |TAMS 0x00000000a3f00000, 0x00000000a3f00000| Untracked 
| 576|0x00000000a4000000, 0x00000000a4000000, 0x00000000a4100000|  0%| F|  |TAMS 0x00000000a4000000, 0x00000000a4000000| Untracked 
| 577|0x00000000a4100000, 0x00000000a4100000, 0x00000000a4200000|  0%| F|  |TAMS 0x00000000a4100000, 0x00000000a4100000| Untracked 
| 578|0x00000000a4200000, 0x00000000a4200000, 0x00000000a4300000|  0%| F|  |TAMS 0x00000000a4200000, 0x00000000a4200000| Untracked 
| 579|0x00000000a4300000, 0x00000000a4300000, 0x00000000a4400000|  0%| F|  |TAMS 0x00000000a4300000, 0x00000000a4300000| Untracked 
| 580|0x00000000a4400000, 0x00000000a4400000, 0x00000000a4500000|  0%| F|  |TAMS 0x00000000a4400000, 0x00000000a4400000| Untracked 
| 581|0x00000000a4500000, 0x00000000a4500000, 0x00000000a4600000|  0%| F|  |TAMS 0x00000000a4500000, 0x00000000a4500000| Untracked 
| 582|0x00000000a4600000, 0x00000000a4600000, 0x00000000a4700000|  0%| F|  |TAMS 0x00000000a4600000, 0x00000000a4600000| Untracked 
| 583|0x00000000a4700000, 0x00000000a4700000, 0x00000000a4800000|  0%| F|  |TAMS 0x00000000a4700000, 0x00000000a4700000| Untracked 
| 584|0x00000000a4800000, 0x00000000a4800000, 0x00000000a4900000|  0%| F|  |TAMS 0x00000000a4800000, 0x00000000a4800000| Untracked 
| 585|0x00000000a4900000, 0x00000000a4900000, 0x00000000a4a00000|  0%| F|  |TAMS 0x00000000a4900000, 0x00000000a4900000| Untracked 
| 586|0x00000000a4a00000, 0x00000000a4a00000, 0x00000000a4b00000|  0%| F|  |TAMS 0x00000000a4a00000, 0x00000000a4a00000| Untracked 
| 587|0x00000000a4b00000, 0x00000000a4b00000, 0x00000000a4c00000|  0%| F|  |TAMS 0x00000000a4b00000, 0x00000000a4b00000| Untracked 
| 588|0x00000000a4c00000, 0x00000000a4c00000, 0x00000000a4d00000|  0%| F|  |TAMS 0x00000000a4c00000, 0x00000000a4c00000| Untracked 
| 589|0x00000000a4d00000, 0x00000000a4d00000, 0x00000000a4e00000|  0%| F|  |TAMS 0x00000000a4d00000, 0x00000000a4d00000| Untracked 
| 590|0x00000000a4e00000, 0x00000000a4e00000, 0x00000000a4f00000|  0%| F|  |TAMS 0x00000000a4e00000, 0x00000000a4e00000| Untracked 
| 591|0x00000000a4f00000, 0x00000000a4f00000, 0x00000000a5000000|  0%| F|  |TAMS 0x00000000a4f00000, 0x00000000a4f00000| Untracked 
| 592|0x00000000a5000000, 0x00000000a5000000, 0x00000000a5100000|  0%| F|  |TAMS 0x00000000a5000000, 0x00000000a5000000| Untracked 
| 593|0x00000000a5100000, 0x00000000a5100000, 0x00000000a5200000|  0%| F|  |TAMS 0x00000000a5100000, 0x00000000a5100000| Untracked 
| 594|0x00000000a5200000, 0x00000000a5200000, 0x00000000a5300000|  0%| F|  |TAMS 0x00000000a5200000, 0x00000000a5200000| Untracked 
| 595|0x00000000a5300000, 0x00000000a5300000, 0x00000000a5400000|  0%| F|  |TAMS 0x00000000a5300000, 0x00000000a5300000| Untracked 
| 596|0x00000000a5400000, 0x00000000a5400000, 0x00000000a5500000|  0%| F|  |TAMS 0x00000000a5400000, 0x00000000a5400000| Untracked 
| 597|0x00000000a5500000, 0x00000000a5500000, 0x00000000a5600000|  0%| F|  |TAMS 0x00000000a5500000, 0x00000000a5500000| Untracked 
| 598|0x00000000a5600000, 0x00000000a5600000, 0x00000000a5700000|  0%| F|  |TAMS 0x00000000a5600000, 0x00000000a5600000| Untracked 
| 599|0x00000000a5700000, 0x00000000a5700000, 0x00000000a5800000|  0%| F|  |TAMS 0x00000000a5700000, 0x00000000a5700000| Untracked 
| 600|0x00000000a5800000, 0x00000000a5800000, 0x00000000a5900000|  0%| F|  |TAMS 0x00000000a5800000, 0x00000000a5800000| Untracked 
| 601|0x00000000a5900000, 0x00000000a5900000, 0x00000000a5a00000|  0%| F|  |TAMS 0x00000000a5900000, 0x00000000a5900000| Untracked 
| 602|0x00000000a5a00000, 0x00000000a5a00000, 0x00000000a5b00000|  0%| F|  |TAMS 0x00000000a5a00000, 0x00000000a5a00000| Untracked 
| 603|0x00000000a5b00000, 0x00000000a5b00000, 0x00000000a5c00000|  0%| F|  |TAMS 0x00000000a5b00000, 0x00000000a5b00000| Untracked 
| 604|0x00000000a5c00000, 0x00000000a5c00000, 0x00000000a5d00000|  0%| F|  |TAMS 0x00000000a5c00000, 0x00000000a5c00000| Untracked 
| 605|0x00000000a5d00000, 0x00000000a5d80018, 0x00000000a5e00000| 50%| E|  |TAMS 0x00000000a5d00000, 0x00000000a5d00000| Complete 
| 606|0x00000000a5e00000, 0x00000000a5f00000, 0x00000000a5f00000|100%| E|CS|TAMS 0x00000000a5e00000, 0x00000000a5e00000| Complete 
| 607|0x00000000a5f00000, 0x00000000a6000000, 0x00000000a6000000|100%| E|CS|TAMS 0x00000000a5f00000, 0x00000000a5f00000| Complete 
| 608|0x00000000a6000000, 0x00000000a6100000, 0x00000000a6100000|100%| E|CS|TAMS 0x00000000a6000000, 0x00000000a6000000| Complete 
| 609|0x00000000a6100000, 0x00000000a6200000, 0x00000000a6200000|100%| E|CS|TAMS 0x00000000a6100000, 0x00000000a6100000| Complete 
| 610|0x00000000a6200000, 0x00000000a6300000, 0x00000000a6300000|100%| E|CS|TAMS 0x00000000a6200000, 0x00000000a6200000| Complete 
| 611|0x00000000a6300000, 0x00000000a6400000, 0x00000000a6400000|100%| E|CS|TAMS 0x00000000a6300000, 0x00000000a6300000| Complete 
| 612|0x00000000a6400000, 0x00000000a6500000, 0x00000000a6500000|100%| E|CS|TAMS 0x00000000a6400000, 0x00000000a6400000| Complete 
| 613|0x00000000a6500000, 0x00000000a6600000, 0x00000000a6600000|100%| E|CS|TAMS 0x00000000a6500000, 0x00000000a6500000| Complete 
| 614|0x00000000a6600000, 0x00000000a6700000, 0x00000000a6700000|100%| E|CS|TAMS 0x00000000a6600000, 0x00000000a6600000| Complete 
| 615|0x00000000a6700000, 0x00000000a6800000, 0x00000000a6800000|100%| E|CS|TAMS 0x00000000a6700000, 0x00000000a6700000| Complete 
| 616|0x00000000a6800000, 0x00000000a6900000, 0x00000000a6900000|100%| E|CS|TAMS 0x00000000a6800000, 0x00000000a6800000| Complete 
| 617|0x00000000a6900000, 0x00000000a6a00000, 0x00000000a6a00000|100%| E|CS|TAMS 0x00000000a6900000, 0x00000000a6900000| Complete 
| 618|0x00000000a6a00000, 0x00000000a6b00000, 0x00000000a6b00000|100%| E|CS|TAMS 0x00000000a6a00000, 0x00000000a6a00000| Complete 
| 619|0x00000000a6b00000, 0x00000000a6c00000, 0x00000000a6c00000|100%| E|CS|TAMS 0x00000000a6b00000, 0x00000000a6b00000| Complete 
| 620|0x00000000a6c00000, 0x00000000a6d00000, 0x00000000a6d00000|100%| E|CS|TAMS 0x00000000a6c00000, 0x00000000a6c00000| Complete 
| 621|0x00000000a6d00000, 0x00000000a6e00000, 0x00000000a6e00000|100%| E|CS|TAMS 0x00000000a6d00000, 0x00000000a6d00000| Complete 
| 622|0x00000000a6e00000, 0x00000000a6f00000, 0x00000000a6f00000|100%| E|CS|TAMS 0x00000000a6e00000, 0x00000000a6e00000| Complete 
| 623|0x00000000a6f00000, 0x00000000a7000000, 0x00000000a7000000|100%| E|CS|TAMS 0x00000000a6f00000, 0x00000000a6f00000| Complete 
| 624|0x00000000a7000000, 0x00000000a7100000, 0x00000000a7100000|100%| E|CS|TAMS 0x00000000a7000000, 0x00000000a7000000| Complete 
| 625|0x00000000a7100000, 0x00000000a7200000, 0x00000000a7200000|100%| E|CS|TAMS 0x00000000a7100000, 0x00000000a7100000| Complete 
| 626|0x00000000a7200000, 0x00000000a7300000, 0x00000000a7300000|100%| E|CS|TAMS 0x00000000a7200000, 0x00000000a7200000| Complete 
| 627|0x00000000a7300000, 0x00000000a7400000, 0x00000000a7400000|100%| E|CS|TAMS 0x00000000a7300000, 0x00000000a7300000| Complete 
| 628|0x00000000a7400000, 0x00000000a7500000, 0x00000000a7500000|100%| E|CS|TAMS 0x00000000a7400000, 0x00000000a7400000| Complete 
| 629|0x00000000a7500000, 0x00000000a7600000, 0x00000000a7600000|100%| E|CS|TAMS 0x00000000a7500000, 0x00000000a7500000| Complete 
| 630|0x00000000a7600000, 0x00000000a7700000, 0x00000000a7700000|100%| E|CS|TAMS 0x00000000a7600000, 0x00000000a7600000| Complete 
| 631|0x00000000a7700000, 0x00000000a7800000, 0x00000000a7800000|100%| E|CS|TAMS 0x00000000a7700000, 0x00000000a7700000| Complete 
| 632|0x00000000a7800000, 0x00000000a7900000, 0x00000000a7900000|100%| E|CS|TAMS 0x00000000a7800000, 0x00000000a7800000| Complete 
| 633|0x00000000a7900000, 0x00000000a7a00000, 0x00000000a7a00000|100%| E|CS|TAMS 0x00000000a7900000, 0x00000000a7900000| Complete 
| 634|0x00000000a7a00000, 0x00000000a7b00000, 0x00000000a7b00000|100%| E|CS|TAMS 0x00000000a7a00000, 0x00000000a7a00000| Complete 
| 635|0x00000000a7b00000, 0x00000000a7c00000, 0x00000000a7c00000|100%| E|CS|TAMS 0x00000000a7b00000, 0x00000000a7b00000| Complete 
| 636|0x00000000a7c00000, 0x00000000a7d00000, 0x00000000a7d00000|100%| E|CS|TAMS 0x00000000a7c00000, 0x00000000a7c00000| Complete 
| 637|0x00000000a7d00000, 0x00000000a7e00000, 0x00000000a7e00000|100%| E|CS|TAMS 0x00000000a7d00000, 0x00000000a7d00000| Complete 
| 638|0x00000000a7e00000, 0x00000000a7f00000, 0x00000000a7f00000|100%| E|CS|TAMS 0x00000000a7e00000, 0x00000000a7e00000| Complete 
| 639|0x00000000a7f00000, 0x00000000a8000000, 0x00000000a8000000|100%| E|CS|TAMS 0x00000000a7f00000, 0x00000000a7f00000| Complete 
| 640|0x00000000a8000000, 0x00000000a8100000, 0x00000000a8100000|100%| E|CS|TAMS 0x00000000a8000000, 0x00000000a8000000| Complete 
| 641|0x00000000a8100000, 0x00000000a8200000, 0x00000000a8200000|100%| E|CS|TAMS 0x00000000a8100000, 0x00000000a8100000| Complete 
| 642|0x00000000a8200000, 0x00000000a8300000, 0x00000000a8300000|100%| E|CS|TAMS 0x00000000a8200000, 0x00000000a8200000| Complete 
| 643|0x00000000a8300000, 0x00000000a8400000, 0x00000000a8400000|100%| E|CS|TAMS 0x00000000a8300000, 0x00000000a8300000| Complete 
| 644|0x00000000a8400000, 0x00000000a8500000, 0x00000000a8500000|100%| E|CS|TAMS 0x00000000a8400000, 0x00000000a8400000| Complete 
| 645|0x00000000a8500000, 0x00000000a8600000, 0x00000000a8600000|100%| E|CS|TAMS 0x00000000a8500000, 0x00000000a8500000| Complete 
| 646|0x00000000a8600000, 0x00000000a8700000, 0x00000000a8700000|100%| E|CS|TAMS 0x00000000a8600000, 0x00000000a8600000| Complete 
| 647|0x00000000a8700000, 0x00000000a8800000, 0x00000000a8800000|100%| E|CS|TAMS 0x00000000a8700000, 0x00000000a8700000| Complete 
| 648|0x00000000a8800000, 0x00000000a8900000, 0x00000000a8900000|100%| E|CS|TAMS 0x00000000a8800000, 0x00000000a8800000| Complete 
| 649|0x00000000a8900000, 0x00000000a8a00000, 0x00000000a8a00000|100%| E|CS|TAMS 0x00000000a8900000, 0x00000000a8900000| Complete 
| 650|0x00000000a8a00000, 0x00000000a8b00000, 0x00000000a8b00000|100%| E|CS|TAMS 0x00000000a8a00000, 0x00000000a8a00000| Complete 
| 651|0x00000000a8b00000, 0x00000000a8c00000, 0x00000000a8c00000|100%| E|CS|TAMS 0x00000000a8b00000, 0x00000000a8b00000| Complete 
| 652|0x00000000a8c00000, 0x00000000a8d00000, 0x00000000a8d00000|100%| E|CS|TAMS 0x00000000a8c00000, 0x00000000a8c00000| Complete 
| 653|0x00000000a8d00000, 0x00000000a8e00000, 0x00000000a8e00000|100%| E|CS|TAMS 0x00000000a8d00000, 0x00000000a8d00000| Complete 
| 654|0x00000000a8e00000, 0x00000000a8f00000, 0x00000000a8f00000|100%| E|CS|TAMS 0x00000000a8e00000, 0x00000000a8e00000| Complete 
| 655|0x00000000a8f00000, 0x00000000a9000000, 0x00000000a9000000|100%| E|CS|TAMS 0x00000000a8f00000, 0x00000000a8f00000| Complete 
| 656|0x00000000a9000000, 0x00000000a9100000, 0x00000000a9100000|100%| E|CS|TAMS 0x00000000a9000000, 0x00000000a9000000| Complete 
| 657|0x00000000a9100000, 0x00000000a9200000, 0x00000000a9200000|100%| E|CS|TAMS 0x00000000a9100000, 0x00000000a9100000| Complete 
| 658|0x00000000a9200000, 0x00000000a9300000, 0x00000000a9300000|100%| E|CS|TAMS 0x00000000a9200000, 0x00000000a9200000| Complete 
| 659|0x00000000a9300000, 0x00000000a9400000, 0x00000000a9400000|100%| E|CS|TAMS 0x00000000a9300000, 0x00000000a9300000| Complete 
| 660|0x00000000a9400000, 0x00000000a9500000, 0x00000000a9500000|100%| E|CS|TAMS 0x00000000a9400000, 0x00000000a9400000| Complete 
| 661|0x00000000a9500000, 0x00000000a9600000, 0x00000000a9600000|100%| E|CS|TAMS 0x00000000a9500000, 0x00000000a9500000| Complete 
| 662|0x00000000a9600000, 0x00000000a9700000, 0x00000000a9700000|100%| E|CS|TAMS 0x00000000a9600000, 0x00000000a9600000| Complete 
| 663|0x00000000a9700000, 0x00000000a9800000, 0x00000000a9800000|100%| E|CS|TAMS 0x00000000a9700000, 0x00000000a9700000| Complete 
| 664|0x00000000a9800000, 0x00000000a9900000, 0x00000000a9900000|100%| E|CS|TAMS 0x00000000a9800000, 0x00000000a9800000| Complete 
| 665|0x00000000a9900000, 0x00000000a9a00000, 0x00000000a9a00000|100%| E|CS|TAMS 0x00000000a9900000, 0x00000000a9900000| Complete 
| 666|0x00000000a9a00000, 0x00000000a9b00000, 0x00000000a9b00000|100%| E|CS|TAMS 0x00000000a9a00000, 0x00000000a9a00000| Complete 
| 667|0x00000000a9b00000, 0x00000000a9c00000, 0x00000000a9c00000|100%| E|CS|TAMS 0x00000000a9b00000, 0x00000000a9b00000| Complete 
| 668|0x00000000a9c00000, 0x00000000a9d00000, 0x00000000a9d00000|100%| E|CS|TAMS 0x00000000a9c00000, 0x00000000a9c00000| Complete 
| 669|0x00000000a9d00000, 0x00000000a9e00000, 0x00000000a9e00000|100%| E|CS|TAMS 0x00000000a9d00000, 0x00000000a9d00000| Complete 
| 670|0x00000000a9e00000, 0x00000000a9f00000, 0x00000000a9f00000|100%| E|CS|TAMS 0x00000000a9e00000, 0x00000000a9e00000| Complete 
| 671|0x00000000a9f00000, 0x00000000aa000000, 0x00000000aa000000|100%| E|CS|TAMS 0x00000000a9f00000, 0x00000000a9f00000| Complete 
| 672|0x00000000aa000000, 0x00000000aa100000, 0x00000000aa100000|100%| E|CS|TAMS 0x00000000aa000000, 0x00000000aa000000| Complete 
| 673|0x00000000aa100000, 0x00000000aa200000, 0x00000000aa200000|100%| E|CS|TAMS 0x00000000aa100000, 0x00000000aa100000| Complete 
| 674|0x00000000aa200000, 0x00000000aa300000, 0x00000000aa300000|100%| E|CS|TAMS 0x00000000aa200000, 0x00000000aa200000| Complete 
| 675|0x00000000aa300000, 0x00000000aa400000, 0x00000000aa400000|100%| E|CS|TAMS 0x00000000aa300000, 0x00000000aa300000| Complete 
| 676|0x00000000aa400000, 0x00000000aa500000, 0x00000000aa500000|100%| E|CS|TAMS 0x00000000aa400000, 0x00000000aa400000| Complete 
| 677|0x00000000aa500000, 0x00000000aa600000, 0x00000000aa600000|100%| E|CS|TAMS 0x00000000aa500000, 0x00000000aa500000| Complete 
| 678|0x00000000aa600000, 0x00000000aa700000, 0x00000000aa700000|100%| E|CS|TAMS 0x00000000aa600000, 0x00000000aa600000| Complete 
| 679|0x00000000aa700000, 0x00000000aa800000, 0x00000000aa800000|100%| E|CS|TAMS 0x00000000aa700000, 0x00000000aa700000| Complete 
| 680|0x00000000aa800000, 0x00000000aa900000, 0x00000000aa900000|100%| E|CS|TAMS 0x00000000aa800000, 0x00000000aa800000| Complete 
| 681|0x00000000aa900000, 0x00000000aaa00000, 0x00000000aaa00000|100%| E|CS|TAMS 0x00000000aa900000, 0x00000000aa900000| Complete 
| 682|0x00000000aaa00000, 0x00000000aab00000, 0x00000000aab00000|100%| E|CS|TAMS 0x00000000aaa00000, 0x00000000aaa00000| Complete 
| 683|0x00000000aab00000, 0x00000000aac00000, 0x00000000aac00000|100%| E|CS|TAMS 0x00000000aab00000, 0x00000000aab00000| Complete 
| 684|0x00000000aac00000, 0x00000000aad00000, 0x00000000aad00000|100%| E|CS|TAMS 0x00000000aac00000, 0x00000000aac00000| Complete 
| 685|0x00000000aad00000, 0x00000000aae00000, 0x00000000aae00000|100%| E|CS|TAMS 0x00000000aad00000, 0x00000000aad00000| Complete 
| 686|0x00000000aae00000, 0x00000000aaf00000, 0x00000000aaf00000|100%| E|CS|TAMS 0x00000000aae00000, 0x00000000aae00000| Complete 
| 687|0x00000000aaf00000, 0x00000000ab000000, 0x00000000ab000000|100%| E|CS|TAMS 0x00000000aaf00000, 0x00000000aaf00000| Complete 
| 688|0x00000000ab000000, 0x00000000ab100000, 0x00000000ab100000|100%| E|CS|TAMS 0x00000000ab000000, 0x00000000ab000000| Complete 
| 689|0x00000000ab100000, 0x00000000ab200000, 0x00000000ab200000|100%| E|CS|TAMS 0x00000000ab100000, 0x00000000ab100000| Complete 
| 690|0x00000000ab200000, 0x00000000ab300000, 0x00000000ab300000|100%| E|CS|TAMS 0x00000000ab200000, 0x00000000ab200000| Complete 
| 691|0x00000000ab300000, 0x00000000ab400000, 0x00000000ab400000|100%| E|CS|TAMS 0x00000000ab300000, 0x00000000ab300000| Complete 
| 692|0x00000000ab400000, 0x00000000ab500000, 0x00000000ab500000|100%| E|CS|TAMS 0x00000000ab400000, 0x00000000ab400000| Complete 
| 693|0x00000000ab500000, 0x00000000ab600000, 0x00000000ab600000|100%| E|CS|TAMS 0x00000000ab500000, 0x00000000ab500000| Complete 
| 694|0x00000000ab600000, 0x00000000ab700000, 0x00000000ab700000|100%| E|CS|TAMS 0x00000000ab600000, 0x00000000ab600000| Complete 
| 695|0x00000000ab700000, 0x00000000ab800000, 0x00000000ab800000|100%| E|CS|TAMS 0x00000000ab700000, 0x00000000ab700000| Complete 
| 696|0x00000000ab800000, 0x00000000ab900000, 0x00000000ab900000|100%| E|CS|TAMS 0x00000000ab800000, 0x00000000ab800000| Complete 
| 697|0x00000000ab900000, 0x00000000aba00000, 0x00000000aba00000|100%| E|CS|TAMS 0x00000000ab900000, 0x00000000ab900000| Complete 
| 698|0x00000000aba00000, 0x00000000abb00000, 0x00000000abb00000|100%| E|CS|TAMS 0x00000000aba00000, 0x00000000aba00000| Complete 
| 699|0x00000000abb00000, 0x00000000abc00000, 0x00000000abc00000|100%| E|CS|TAMS 0x00000000abb00000, 0x00000000abb00000| Complete 
| 700|0x00000000abc00000, 0x00000000abd00000, 0x00000000abd00000|100%| E|CS|TAMS 0x00000000abc00000, 0x00000000abc00000| Complete 
| 701|0x00000000abd00000, 0x00000000abe00000, 0x00000000abe00000|100%| E|CS|TAMS 0x00000000abd00000, 0x00000000abd00000| Complete 
| 702|0x00000000abe00000, 0x00000000abf00000, 0x00000000abf00000|100%| E|CS|TAMS 0x00000000abe00000, 0x00000000abe00000| Complete 
| 703|0x00000000abf00000, 0x00000000ac000000, 0x00000000ac000000|100%| E|CS|TAMS 0x00000000abf00000, 0x00000000abf00000| Complete 
| 704|0x00000000ac000000, 0x00000000ac100000, 0x00000000ac100000|100%| E|CS|TAMS 0x00000000ac000000, 0x00000000ac000000| Complete 
| 705|0x00000000ac100000, 0x00000000ac200000, 0x00000000ac200000|100%| E|CS|TAMS 0x00000000ac100000, 0x00000000ac100000| Complete 
| 706|0x00000000ac200000, 0x00000000ac300000, 0x00000000ac300000|100%| E|CS|TAMS 0x00000000ac200000, 0x00000000ac200000| Complete 
| 707|0x00000000ac300000, 0x00000000ac400000, 0x00000000ac400000|100%| E|CS|TAMS 0x00000000ac300000, 0x00000000ac300000| Complete 
| 708|0x00000000ac400000, 0x00000000ac500000, 0x00000000ac500000|100%| E|CS|TAMS 0x00000000ac400000, 0x00000000ac400000| Complete 
| 709|0x00000000ac500000, 0x00000000ac600000, 0x00000000ac600000|100%| E|CS|TAMS 0x00000000ac500000, 0x00000000ac500000| Complete 
| 710|0x00000000ac600000, 0x00000000ac700000, 0x00000000ac700000|100%| E|CS|TAMS 0x00000000ac600000, 0x00000000ac600000| Complete 
| 711|0x00000000ac700000, 0x00000000ac800000, 0x00000000ac800000|100%| E|CS|TAMS 0x00000000ac700000, 0x00000000ac700000| Complete 
| 712|0x00000000ac800000, 0x00000000ac900000, 0x00000000ac900000|100%| E|CS|TAMS 0x00000000ac800000, 0x00000000ac800000| Complete 
| 713|0x00000000ac900000, 0x00000000aca00000, 0x00000000aca00000|100%| E|CS|TAMS 0x00000000ac900000, 0x00000000ac900000| Complete 
| 714|0x00000000aca00000, 0x00000000acb00000, 0x00000000acb00000|100%| E|CS|TAMS 0x00000000aca00000, 0x00000000aca00000| Complete 
| 715|0x00000000acb00000, 0x00000000acc00000, 0x00000000acc00000|100%| E|CS|TAMS 0x00000000acb00000, 0x00000000acb00000| Complete 
| 716|0x00000000acc00000, 0x00000000acd00000, 0x00000000acd00000|100%| E|CS|TAMS 0x00000000acc00000, 0x00000000acc00000| Complete 
| 717|0x00000000acd00000, 0x00000000ace00000, 0x00000000ace00000|100%| E|CS|TAMS 0x00000000acd00000, 0x00000000acd00000| Complete 
| 718|0x00000000ace00000, 0x00000000acf00000, 0x00000000acf00000|100%| E|CS|TAMS 0x00000000ace00000, 0x00000000ace00000| Complete 
| 719|0x00000000acf00000, 0x00000000ad000000, 0x00000000ad000000|100%| E|CS|TAMS 0x00000000acf00000, 0x00000000acf00000| Complete 
| 720|0x00000000ad000000, 0x00000000ad100000, 0x00000000ad100000|100%| E|CS|TAMS 0x00000000ad000000, 0x00000000ad000000| Complete 
| 721|0x00000000ad100000, 0x00000000ad200000, 0x00000000ad200000|100%| E|CS|TAMS 0x00000000ad100000, 0x00000000ad100000| Complete 
| 722|0x00000000ad200000, 0x00000000ad300000, 0x00000000ad300000|100%| E|CS|TAMS 0x00000000ad200000, 0x00000000ad200000| Complete 
| 723|0x00000000ad300000, 0x00000000ad400000, 0x00000000ad400000|100%| E|CS|TAMS 0x00000000ad300000, 0x00000000ad300000| Complete 
| 724|0x00000000ad400000, 0x00000000ad500000, 0x00000000ad500000|100%| E|CS|TAMS 0x00000000ad400000, 0x00000000ad400000| Complete 
| 725|0x00000000ad500000, 0x00000000ad600000, 0x00000000ad600000|100%| E|CS|TAMS 0x00000000ad500000, 0x00000000ad500000| Complete 
| 726|0x00000000ad600000, 0x00000000ad700000, 0x00000000ad700000|100%| E|CS|TAMS 0x00000000ad600000, 0x00000000ad600000| Complete 
| 727|0x00000000ad700000, 0x00000000ad800000, 0x00000000ad800000|100%| E|CS|TAMS 0x00000000ad700000, 0x00000000ad700000| Complete 
| 728|0x00000000ad800000, 0x00000000ad900000, 0x00000000ad900000|100%| E|CS|TAMS 0x00000000ad800000, 0x00000000ad800000| Complete 
| 729|0x00000000ad900000, 0x00000000ada00000, 0x00000000ada00000|100%| E|CS|TAMS 0x00000000ad900000, 0x00000000ad900000| Complete 
| 730|0x00000000ada00000, 0x00000000adb00000, 0x00000000adb00000|100%| E|CS|TAMS 0x00000000ada00000, 0x00000000ada00000| Complete 
| 731|0x00000000adb00000, 0x00000000adc00000, 0x00000000adc00000|100%| E|CS|TAMS 0x00000000adb00000, 0x00000000adb00000| Complete 
| 732|0x00000000adc00000, 0x00000000adcedbc0, 0x00000000add00000| 92%| S|CS|TAMS 0x00000000adc00000, 0x00000000adc00000| Complete 
| 733|0x00000000add00000, 0x00000000ade00000, 0x00000000ade00000|100%| S|CS|TAMS 0x00000000add00000, 0x00000000add00000| Complete 
| 734|0x00000000ade00000, 0x00000000adf00000, 0x00000000adf00000|100%| S|CS|TAMS 0x00000000ade00000, 0x00000000ade00000| Complete 
| 735|0x00000000adf00000, 0x00000000ae000000, 0x00000000ae000000|100%| S|CS|TAMS 0x00000000adf00000, 0x00000000adf00000| Complete 
| 736|0x00000000ae000000, 0x00000000ae100000, 0x00000000ae100000|100%| S|CS|TAMS 0x00000000ae000000, 0x00000000ae000000| Complete 
| 737|0x00000000ae100000, 0x00000000ae200000, 0x00000000ae200000|100%| S|CS|TAMS 0x00000000ae100000, 0x00000000ae100000| Complete 
| 738|0x00000000ae200000, 0x00000000ae300000, 0x00000000ae300000|100%| S|CS|TAMS 0x00000000ae200000, 0x00000000ae200000| Complete 
| 739|0x00000000ae300000, 0x00000000ae400000, 0x00000000ae400000|100%| S|CS|TAMS 0x00000000ae300000, 0x00000000ae300000| Complete 
| 740|0x00000000ae400000, 0x00000000ae500000, 0x00000000ae500000|100%| S|CS|TAMS 0x00000000ae400000, 0x00000000ae400000| Complete 
| 741|0x00000000ae500000, 0x00000000ae600000, 0x00000000ae600000|100%| S|CS|TAMS 0x00000000ae500000, 0x00000000ae500000| Complete 
| 742|0x00000000ae600000, 0x00000000ae700000, 0x00000000ae700000|100%| S|CS|TAMS 0x00000000ae600000, 0x00000000ae600000| Complete 
| 743|0x00000000ae700000, 0x00000000ae800000, 0x00000000ae800000|100%| S|CS|TAMS 0x00000000ae700000, 0x00000000ae700000| Complete 
| 744|0x00000000ae800000, 0x00000000ae900000, 0x00000000ae900000|100%| S|CS|TAMS 0x00000000ae800000, 0x00000000ae800000| Complete 
| 745|0x00000000ae900000, 0x00000000aea00000, 0x00000000aea00000|100%| S|CS|TAMS 0x00000000ae900000, 0x00000000ae900000| Complete 
| 746|0x00000000aea00000, 0x00000000aeb00000, 0x00000000aeb00000|100%| S|CS|TAMS 0x00000000aea00000, 0x00000000aea00000| Complete 
| 747|0x00000000aeb00000, 0x00000000aec00000, 0x00000000aec00000|100%| E|CS|TAMS 0x00000000aeb00000, 0x00000000aeb00000| Complete 
| 748|0x00000000aec00000, 0x00000000aed00000, 0x00000000aed00000|100%| E|CS|TAMS 0x00000000aec00000, 0x00000000aec00000| Complete 
| 749|0x00000000aed00000, 0x00000000aee00000, 0x00000000aee00000|100%| E|CS|TAMS 0x00000000aed00000, 0x00000000aed00000| Complete 
| 750|0x00000000aee00000, 0x00000000aef00000, 0x00000000aef00000|100%| E|CS|TAMS 0x00000000aee00000, 0x00000000aee00000| Complete 
| 751|0x00000000aef00000, 0x00000000af000000, 0x00000000af000000|100%| E|CS|TAMS 0x00000000aef00000, 0x00000000aef00000| Complete 
| 752|0x00000000af000000, 0x00000000af100000, 0x00000000af100000|100%| E|CS|TAMS 0x00000000af000000, 0x00000000af000000| Complete 
| 753|0x00000000af100000, 0x00000000af200000, 0x00000000af200000|100%| E|CS|TAMS 0x00000000af100000, 0x00000000af100000| Complete 
| 754|0x00000000af200000, 0x00000000af300000, 0x00000000af300000|100%| E|CS|TAMS 0x00000000af200000, 0x00000000af200000| Complete 
| 755|0x00000000af300000, 0x00000000af400000, 0x00000000af400000|100%| E|CS|TAMS 0x00000000af300000, 0x00000000af300000| Complete 
| 756|0x00000000af400000, 0x00000000af500000, 0x00000000af500000|100%| E|CS|TAMS 0x00000000af400000, 0x00000000af400000| Complete 
| 757|0x00000000af500000, 0x00000000af600000, 0x00000000af600000|100%| E|CS|TAMS 0x00000000af500000, 0x00000000af500000| Complete 
| 758|0x00000000af600000, 0x00000000af700000, 0x00000000af700000|100%| E|CS|TAMS 0x00000000af600000, 0x00000000af600000| Complete 
| 759|0x00000000af700000, 0x00000000af800000, 0x00000000af800000|100%| E|CS|TAMS 0x00000000af700000, 0x00000000af700000| Complete 
| 760|0x00000000af800000, 0x00000000af900000, 0x00000000af900000|100%| E|CS|TAMS 0x00000000af800000, 0x00000000af800000| Complete 
| 761|0x00000000af900000, 0x00000000afa00000, 0x00000000afa00000|100%| E|CS|TAMS 0x00000000af900000, 0x00000000af900000| Complete 
| 762|0x00000000afa00000, 0x00000000afb00000, 0x00000000afb00000|100%| E|CS|TAMS 0x00000000afa00000, 0x00000000afa00000| Complete 
| 763|0x00000000afb00000, 0x00000000afc00000, 0x00000000afc00000|100%| E|CS|TAMS 0x00000000afb00000, 0x00000000afb00000| Complete 
| 764|0x00000000afc00000, 0x00000000afd00000, 0x00000000afd00000|100%| E|CS|TAMS 0x00000000afc00000, 0x00000000afc00000| Complete 
| 765|0x00000000afd00000, 0x00000000afe00000, 0x00000000afe00000|100%| E|CS|TAMS 0x00000000afd00000, 0x00000000afd00000| Complete 
| 766|0x00000000afe00000, 0x00000000aff00000, 0x00000000aff00000|100%| E|CS|TAMS 0x00000000afe00000, 0x00000000afe00000| Complete 
| 767|0x00000000aff00000, 0x00000000b0000000, 0x00000000b0000000|100%| E|CS|TAMS 0x00000000aff00000, 0x00000000aff00000| Complete 
| 768|0x00000000b0000000, 0x00000000b0100000, 0x00000000b0100000|100%| E|CS|TAMS 0x00000000b0000000, 0x00000000b0000000| Complete 
| 769|0x00000000b0100000, 0x00000000b0200000, 0x00000000b0200000|100%| E|CS|TAMS 0x00000000b0100000, 0x00000000b0100000| Complete 
| 770|0x00000000b0200000, 0x00000000b0300000, 0x00000000b0300000|100%| E|CS|TAMS 0x00000000b0200000, 0x00000000b0200000| Complete 
| 771|0x00000000b0300000, 0x00000000b0400000, 0x00000000b0400000|100%| E|CS|TAMS 0x00000000b0300000, 0x00000000b0300000| Complete 
| 772|0x00000000b0400000, 0x00000000b0500000, 0x00000000b0500000|100%| E|CS|TAMS 0x00000000b0400000, 0x00000000b0400000| Complete 
| 773|0x00000000b0500000, 0x00000000b0600000, 0x00000000b0600000|100%| E|CS|TAMS 0x00000000b0500000, 0x00000000b0500000| Complete 
| 774|0x00000000b0600000, 0x00000000b0700000, 0x00000000b0700000|100%| E|CS|TAMS 0x00000000b0600000, 0x00000000b0600000| Complete 
| 775|0x00000000b0700000, 0x00000000b0800000, 0x00000000b0800000|100%| E|CS|TAMS 0x00000000b0700000, 0x00000000b0700000| Complete 
| 776|0x00000000b0800000, 0x00000000b0900000, 0x00000000b0900000|100%| E|CS|TAMS 0x00000000b0800000, 0x00000000b0800000| Complete 
| 777|0x00000000b0900000, 0x00000000b0a00000, 0x00000000b0a00000|100%| E|CS|TAMS 0x00000000b0900000, 0x00000000b0900000| Complete 
| 778|0x00000000b0a00000, 0x00000000b0b00000, 0x00000000b0b00000|100%| E|CS|TAMS 0x00000000b0a00000, 0x00000000b0a00000| Complete 
| 779|0x00000000b0b00000, 0x00000000b0c00000, 0x00000000b0c00000|100%| E|CS|TAMS 0x00000000b0b00000, 0x00000000b0b00000| Complete 
| 780|0x00000000b0c00000, 0x00000000b0d00000, 0x00000000b0d00000|100%| E|CS|TAMS 0x00000000b0c00000, 0x00000000b0c00000| Complete 
| 781|0x00000000b0d00000, 0x00000000b0e00000, 0x00000000b0e00000|100%| E|CS|TAMS 0x00000000b0d00000, 0x00000000b0d00000| Complete 
| 782|0x00000000b0e00000, 0x00000000b0f00000, 0x00000000b0f00000|100%| E|CS|TAMS 0x00000000b0e00000, 0x00000000b0e00000| Complete 
| 783|0x00000000b0f00000, 0x00000000b1000000, 0x00000000b1000000|100%| E|CS|TAMS 0x00000000b0f00000, 0x00000000b0f00000| Complete 
| 784|0x00000000b1000000, 0x00000000b1100000, 0x00000000b1100000|100%| E|CS|TAMS 0x00000000b1000000, 0x00000000b1000000| Complete 
| 785|0x00000000b1100000, 0x00000000b1200000, 0x00000000b1200000|100%| E|CS|TAMS 0x00000000b1100000, 0x00000000b1100000| Complete 
| 786|0x00000000b1200000, 0x00000000b1300000, 0x00000000b1300000|100%| E|CS|TAMS 0x00000000b1200000, 0x00000000b1200000| Complete 
| 787|0x00000000b1300000, 0x00000000b1400000, 0x00000000b1400000|100%| E|CS|TAMS 0x00000000b1300000, 0x00000000b1300000| Complete 
| 788|0x00000000b1400000, 0x00000000b1500000, 0x00000000b1500000|100%| E|CS|TAMS 0x00000000b1400000, 0x00000000b1400000| Complete 
| 789|0x00000000b1500000, 0x00000000b1600000, 0x00000000b1600000|100%| E|CS|TAMS 0x00000000b1500000, 0x00000000b1500000| Complete 
| 790|0x00000000b1600000, 0x00000000b1700000, 0x00000000b1700000|100%| E|CS|TAMS 0x00000000b1600000, 0x00000000b1600000| Complete 
| 791|0x00000000b1700000, 0x00000000b1800000, 0x00000000b1800000|100%| E|CS|TAMS 0x00000000b1700000, 0x00000000b1700000| Complete 
| 792|0x00000000b1800000, 0x00000000b1900000, 0x00000000b1900000|100%| E|CS|TAMS 0x00000000b1800000, 0x00000000b1800000| Complete 
| 793|0x00000000b1900000, 0x00000000b1a00000, 0x00000000b1a00000|100%| E|CS|TAMS 0x00000000b1900000, 0x00000000b1900000| Complete 
| 794|0x00000000b1a00000, 0x00000000b1b00000, 0x00000000b1b00000|100%| E|CS|TAMS 0x00000000b1a00000, 0x00000000b1a00000| Complete 
| 795|0x00000000b1b00000, 0x00000000b1c00000, 0x00000000b1c00000|100%| E|CS|TAMS 0x00000000b1b00000, 0x00000000b1b00000| Complete 
| 796|0x00000000b1c00000, 0x00000000b1d00000, 0x00000000b1d00000|100%| E|CS|TAMS 0x00000000b1c00000, 0x00000000b1c00000| Complete 
| 797|0x00000000b1d00000, 0x00000000b1e00000, 0x00000000b1e00000|100%| E|CS|TAMS 0x00000000b1d00000, 0x00000000b1d00000| Complete 
| 798|0x00000000b1e00000, 0x00000000b1f00000, 0x00000000b1f00000|100%| E|CS|TAMS 0x00000000b1e00000, 0x00000000b1e00000| Complete 
| 799|0x00000000b1f00000, 0x00000000b2000000, 0x00000000b2000000|100%| E|CS|TAMS 0x00000000b1f00000, 0x00000000b1f00000| Complete 
| 800|0x00000000b2000000, 0x00000000b2100000, 0x00000000b2100000|100%| E|CS|TAMS 0x00000000b2000000, 0x00000000b2000000| Complete 
| 801|0x00000000b2100000, 0x00000000b2200000, 0x00000000b2200000|100%| E|CS|TAMS 0x00000000b2100000, 0x00000000b2100000| Complete 
| 802|0x00000000b2200000, 0x00000000b2300000, 0x00000000b2300000|100%| E|CS|TAMS 0x00000000b2200000, 0x00000000b2200000| Complete 
| 803|0x00000000b2300000, 0x00000000b2400000, 0x00000000b2400000|100%| E|CS|TAMS 0x00000000b2300000, 0x00000000b2300000| Complete 
| 804|0x00000000b2400000, 0x00000000b2500000, 0x00000000b2500000|100%| E|CS|TAMS 0x00000000b2400000, 0x00000000b2400000| Complete 
| 805|0x00000000b2500000, 0x00000000b2600000, 0x00000000b2600000|100%| E|CS|TAMS 0x00000000b2500000, 0x00000000b2500000| Complete 
| 806|0x00000000b2600000, 0x00000000b2700000, 0x00000000b2700000|100%| E|CS|TAMS 0x00000000b2600000, 0x00000000b2600000| Complete 
| 807|0x00000000b2700000, 0x00000000b2800000, 0x00000000b2800000|100%| E|CS|TAMS 0x00000000b2700000, 0x00000000b2700000| Complete 
| 808|0x00000000b2800000, 0x00000000b2900000, 0x00000000b2900000|100%| E|CS|TAMS 0x00000000b2800000, 0x00000000b2800000| Complete 
| 809|0x00000000b2900000, 0x00000000b2a00000, 0x00000000b2a00000|100%| E|CS|TAMS 0x00000000b2900000, 0x00000000b2900000| Complete 
| 810|0x00000000b2a00000, 0x00000000b2b00000, 0x00000000b2b00000|100%| E|CS|TAMS 0x00000000b2a00000, 0x00000000b2a00000| Complete 
| 811|0x00000000b2b00000, 0x00000000b2c00000, 0x00000000b2c00000|100%| E|CS|TAMS 0x00000000b2b00000, 0x00000000b2b00000| Complete 
| 812|0x00000000b2c00000, 0x00000000b2d00000, 0x00000000b2d00000|100%| E|CS|TAMS 0x00000000b2c00000, 0x00000000b2c00000| Complete 
| 813|0x00000000b2d00000, 0x00000000b2e00000, 0x00000000b2e00000|100%| E|CS|TAMS 0x00000000b2d00000, 0x00000000b2d00000| Complete 
| 814|0x00000000b2e00000, 0x00000000b2f00000, 0x00000000b2f00000|100%| E|CS|TAMS 0x00000000b2e00000, 0x00000000b2e00000| Complete 
| 815|0x00000000b2f00000, 0x00000000b3000000, 0x00000000b3000000|100%| E|CS|TAMS 0x00000000b2f00000, 0x00000000b2f00000| Complete 
| 816|0x00000000b3000000, 0x00000000b3100000, 0x00000000b3100000|100%| E|CS|TAMS 0x00000000b3000000, 0x00000000b3000000| Complete 
| 817|0x00000000b3100000, 0x00000000b3200000, 0x00000000b3200000|100%| E|CS|TAMS 0x00000000b3100000, 0x00000000b3100000| Complete 
| 818|0x00000000b3200000, 0x00000000b3300000, 0x00000000b3300000|100%| E|CS|TAMS 0x00000000b3200000, 0x00000000b3200000| Complete 
| 819|0x00000000b3300000, 0x00000000b3400000, 0x00000000b3400000|100%| E|CS|TAMS 0x00000000b3300000, 0x00000000b3300000| Complete 
| 820|0x00000000b3400000, 0x00000000b3500000, 0x00000000b3500000|100%| E|CS|TAMS 0x00000000b3400000, 0x00000000b3400000| Complete 
| 821|0x00000000b3500000, 0x00000000b3600000, 0x00000000b3600000|100%| E|CS|TAMS 0x00000000b3500000, 0x00000000b3500000| Complete 
| 822|0x00000000b3600000, 0x00000000b3700000, 0x00000000b3700000|100%| E|CS|TAMS 0x00000000b3600000, 0x00000000b3600000| Complete 
| 823|0x00000000b3700000, 0x00000000b3800000, 0x00000000b3800000|100%| E|CS|TAMS 0x00000000b3700000, 0x00000000b3700000| Complete 
| 824|0x00000000b3800000, 0x00000000b3900000, 0x00000000b3900000|100%| E|CS|TAMS 0x00000000b3800000, 0x00000000b3800000| Complete 
| 825|0x00000000b3900000, 0x00000000b3a00000, 0x00000000b3a00000|100%| E|CS|TAMS 0x00000000b3900000, 0x00000000b3900000| Complete 
| 826|0x00000000b3a00000, 0x00000000b3b00000, 0x00000000b3b00000|100%| E|CS|TAMS 0x00000000b3a00000, 0x00000000b3a00000| Complete 
| 827|0x00000000b3b00000, 0x00000000b3c00000, 0x00000000b3c00000|100%| E|CS|TAMS 0x00000000b3b00000, 0x00000000b3b00000| Complete 
| 828|0x00000000b3c00000, 0x00000000b3d00000, 0x00000000b3d00000|100%| E|CS|TAMS 0x00000000b3c00000, 0x00000000b3c00000| Complete 
| 829|0x00000000b3d00000, 0x00000000b3e00000, 0x00000000b3e00000|100%| E|CS|TAMS 0x00000000b3d00000, 0x00000000b3d00000| Complete 
| 830|0x00000000b3e00000, 0x00000000b3f00000, 0x00000000b3f00000|100%| E|CS|TAMS 0x00000000b3e00000, 0x00000000b3e00000| Complete 
| 831|0x00000000b3f00000, 0x00000000b4000000, 0x00000000b4000000|100%| E|CS|TAMS 0x00000000b3f00000, 0x00000000b3f00000| Complete 
| 832|0x00000000b4000000, 0x00000000b4100000, 0x00000000b4100000|100%| E|CS|TAMS 0x00000000b4000000, 0x00000000b4000000| Complete 
| 833|0x00000000b4100000, 0x00000000b4200000, 0x00000000b4200000|100%| E|CS|TAMS 0x00000000b4100000, 0x00000000b4100000| Complete 
| 834|0x00000000b4200000, 0x00000000b4300000, 0x00000000b4300000|100%| E|CS|TAMS 0x00000000b4200000, 0x00000000b4200000| Complete 
| 835|0x00000000b4300000, 0x00000000b4400000, 0x00000000b4400000|100%| E|CS|TAMS 0x00000000b4300000, 0x00000000b4300000| Complete 
| 836|0x00000000b4400000, 0x00000000b4500000, 0x00000000b4500000|100%| E|CS|TAMS 0x00000000b4400000, 0x00000000b4400000| Complete 
| 837|0x00000000b4500000, 0x00000000b4600000, 0x00000000b4600000|100%| E|CS|TAMS 0x00000000b4500000, 0x00000000b4500000| Complete 
| 838|0x00000000b4600000, 0x00000000b4700000, 0x00000000b4700000|100%| E|CS|TAMS 0x00000000b4600000, 0x00000000b4600000| Complete 
| 839|0x00000000b4700000, 0x00000000b4800000, 0x00000000b4800000|100%| E|CS|TAMS 0x00000000b4700000, 0x00000000b4700000| Complete 
| 840|0x00000000b4800000, 0x00000000b4900000, 0x00000000b4900000|100%| E|CS|TAMS 0x00000000b4800000, 0x00000000b4800000| Complete 
| 841|0x00000000b4900000, 0x00000000b4a00000, 0x00000000b4a00000|100%| E|CS|TAMS 0x00000000b4900000, 0x00000000b4900000| Complete 
| 842|0x00000000b4a00000, 0x00000000b4b00000, 0x00000000b4b00000|100%| E|CS|TAMS 0x00000000b4a00000, 0x00000000b4a00000| Complete 
| 843|0x00000000b4b00000, 0x00000000b4c00000, 0x00000000b4c00000|100%| E|CS|TAMS 0x00000000b4b00000, 0x00000000b4b00000| Complete 
| 844|0x00000000b4c00000, 0x00000000b4d00000, 0x00000000b4d00000|100%| E|CS|TAMS 0x00000000b4c00000, 0x00000000b4c00000| Complete 
| 845|0x00000000b4d00000, 0x00000000b4e00000, 0x00000000b4e00000|100%| E|CS|TAMS 0x00000000b4d00000, 0x00000000b4d00000| Complete 
| 846|0x00000000b4e00000, 0x00000000b4f00000, 0x00000000b4f00000|100%| E|CS|TAMS 0x00000000b4e00000, 0x00000000b4e00000| Complete 
| 847|0x00000000b4f00000, 0x00000000b5000000, 0x00000000b5000000|100%| E|CS|TAMS 0x00000000b4f00000, 0x00000000b4f00000| Complete 
| 848|0x00000000b5000000, 0x00000000b5100000, 0x00000000b5100000|100%| E|CS|TAMS 0x00000000b5000000, 0x00000000b5000000| Complete 
| 849|0x00000000b5100000, 0x00000000b5200000, 0x00000000b5200000|100%| E|CS|TAMS 0x00000000b5100000, 0x00000000b5100000| Complete 
| 850|0x00000000b5200000, 0x00000000b5300000, 0x00000000b5300000|100%| E|CS|TAMS 0x00000000b5200000, 0x00000000b5200000| Complete 
| 851|0x00000000b5300000, 0x00000000b5400000, 0x00000000b5400000|100%| E|CS|TAMS 0x00000000b5300000, 0x00000000b5300000| Complete 
| 852|0x00000000b5400000, 0x00000000b5500000, 0x00000000b5500000|100%| E|CS|TAMS 0x00000000b5400000, 0x00000000b5400000| Complete 
| 853|0x00000000b5500000, 0x00000000b5600000, 0x00000000b5600000|100%| E|CS|TAMS 0x00000000b5500000, 0x00000000b5500000| Complete 
| 854|0x00000000b5600000, 0x00000000b5700000, 0x00000000b5700000|100%| E|CS|TAMS 0x00000000b5600000, 0x00000000b5600000| Complete 
| 855|0x00000000b5700000, 0x00000000b5800000, 0x00000000b5800000|100%| E|CS|TAMS 0x00000000b5700000, 0x00000000b5700000| Complete 
| 856|0x00000000b5800000, 0x00000000b5900000, 0x00000000b5900000|100%| E|CS|TAMS 0x00000000b5800000, 0x00000000b5800000| Complete 
| 857|0x00000000b5900000, 0x00000000b5a00000, 0x00000000b5a00000|100%| E|CS|TAMS 0x00000000b5900000, 0x00000000b5900000| Complete 
| 858|0x00000000b5a00000, 0x00000000b5b00000, 0x00000000b5b00000|100%| E|CS|TAMS 0x00000000b5a00000, 0x00000000b5a00000| Complete 
| 859|0x00000000b5b00000, 0x00000000b5c00000, 0x00000000b5c00000|100%| E|CS|TAMS 0x00000000b5b00000, 0x00000000b5b00000| Complete 
| 860|0x00000000b5c00000, 0x00000000b5d00000, 0x00000000b5d00000|100%| E|CS|TAMS 0x00000000b5c00000, 0x00000000b5c00000| Complete 
| 861|0x00000000b5d00000, 0x00000000b5e00000, 0x00000000b5e00000|100%| E|CS|TAMS 0x00000000b5d00000, 0x00000000b5d00000| Complete 
| 862|0x00000000b5e00000, 0x00000000b5f00000, 0x00000000b5f00000|100%| E|CS|TAMS 0x00000000b5e00000, 0x00000000b5e00000| Complete 
| 863|0x00000000b5f00000, 0x00000000b6000000, 0x00000000b6000000|100%| E|CS|TAMS 0x00000000b5f00000, 0x00000000b5f00000| Complete 
| 864|0x00000000b6000000, 0x00000000b6100000, 0x00000000b6100000|100%| E|CS|TAMS 0x00000000b6000000, 0x00000000b6000000| Complete 
| 865|0x00000000b6100000, 0x00000000b6200000, 0x00000000b6200000|100%| E|CS|TAMS 0x00000000b6100000, 0x00000000b6100000| Complete 
| 866|0x00000000b6200000, 0x00000000b6300000, 0x00000000b6300000|100%| E|CS|TAMS 0x00000000b6200000, 0x00000000b6200000| Complete 
| 867|0x00000000b6300000, 0x00000000b6400000, 0x00000000b6400000|100%| E|CS|TAMS 0x00000000b6300000, 0x00000000b6300000| Complete 
| 868|0x00000000b6400000, 0x00000000b6500000, 0x00000000b6500000|100%| E|CS|TAMS 0x00000000b6400000, 0x00000000b6400000| Complete 
| 869|0x00000000b6500000, 0x00000000b6600000, 0x00000000b6600000|100%| E|CS|TAMS 0x00000000b6500000, 0x00000000b6500000| Complete 
| 870|0x00000000b6600000, 0x00000000b6700000, 0x00000000b6700000|100%| E|CS|TAMS 0x00000000b6600000, 0x00000000b6600000| Complete 
| 871|0x00000000b6700000, 0x00000000b6800000, 0x00000000b6800000|100%| E|CS|TAMS 0x00000000b6700000, 0x00000000b6700000| Complete 
| 872|0x00000000b6800000, 0x00000000b6900000, 0x00000000b6900000|100%| E|CS|TAMS 0x00000000b6800000, 0x00000000b6800000| Complete 
| 873|0x00000000b6900000, 0x00000000b6a00000, 0x00000000b6a00000|100%| E|CS|TAMS 0x00000000b6900000, 0x00000000b6900000| Complete 
| 874|0x00000000b6a00000, 0x00000000b6b00000, 0x00000000b6b00000|100%| E|CS|TAMS 0x00000000b6a00000, 0x00000000b6a00000| Complete 
| 875|0x00000000b6b00000, 0x00000000b6c00000, 0x00000000b6c00000|100%| E|CS|TAMS 0x00000000b6b00000, 0x00000000b6b00000| Complete 
| 876|0x00000000b6c00000, 0x00000000b6d00000, 0x00000000b6d00000|100%| E|CS|TAMS 0x00000000b6c00000, 0x00000000b6c00000| Complete 
| 877|0x00000000b6d00000, 0x00000000b6e00000, 0x00000000b6e00000|100%| E|CS|TAMS 0x00000000b6d00000, 0x00000000b6d00000| Complete 
| 878|0x00000000b6e00000, 0x00000000b6f00000, 0x00000000b6f00000|100%| E|CS|TAMS 0x00000000b6e00000, 0x00000000b6e00000| Complete 
| 879|0x00000000b6f00000, 0x00000000b7000000, 0x00000000b7000000|100%| E|CS|TAMS 0x00000000b6f00000, 0x00000000b6f00000| Complete 
| 880|0x00000000b7000000, 0x00000000b7100000, 0x00000000b7100000|100%| E|CS|TAMS 0x00000000b7000000, 0x00000000b7000000| Complete 
| 881|0x00000000b7100000, 0x00000000b7200000, 0x00000000b7200000|100%| E|CS|TAMS 0x00000000b7100000, 0x00000000b7100000| Complete 
| 882|0x00000000b7200000, 0x00000000b7300000, 0x00000000b7300000|100%| E|CS|TAMS 0x00000000b7200000, 0x00000000b7200000| Complete 
| 883|0x00000000b7300000, 0x00000000b7400000, 0x00000000b7400000|100%| E|CS|TAMS 0x00000000b7300000, 0x00000000b7300000| Complete 
| 884|0x00000000b7400000, 0x00000000b7500000, 0x00000000b7500000|100%| E|CS|TAMS 0x00000000b7400000, 0x00000000b7400000| Complete 
| 885|0x00000000b7500000, 0x00000000b7600000, 0x00000000b7600000|100%| E|CS|TAMS 0x00000000b7500000, 0x00000000b7500000| Complete 
| 886|0x00000000b7600000, 0x00000000b7700000, 0x00000000b7700000|100%| E|CS|TAMS 0x00000000b7600000, 0x00000000b7600000| Complete 
| 887|0x00000000b7700000, 0x00000000b7800000, 0x00000000b7800000|100%| E|CS|TAMS 0x00000000b7700000, 0x00000000b7700000| Complete 
| 888|0x00000000b7800000, 0x00000000b7900000, 0x00000000b7900000|100%| E|CS|TAMS 0x00000000b7800000, 0x00000000b7800000| Complete 
| 889|0x00000000b7900000, 0x00000000b7a00000, 0x00000000b7a00000|100%| E|CS|TAMS 0x00000000b7900000, 0x00000000b7900000| Complete 
| 890|0x00000000b7a00000, 0x00000000b7b00000, 0x00000000b7b00000|100%| E|CS|TAMS 0x00000000b7a00000, 0x00000000b7a00000| Complete 
| 891|0x00000000b7b00000, 0x00000000b7c00000, 0x00000000b7c00000|100%| E|CS|TAMS 0x00000000b7b00000, 0x00000000b7b00000| Complete 
| 892|0x00000000b7c00000, 0x00000000b7d00000, 0x00000000b7d00000|100%| E|CS|TAMS 0x00000000b7c00000, 0x00000000b7c00000| Complete 
| 893|0x00000000b7d00000, 0x00000000b7e00000, 0x00000000b7e00000|100%| E|CS|TAMS 0x00000000b7d00000, 0x00000000b7d00000| Complete 
| 894|0x00000000b7e00000, 0x00000000b7f00000, 0x00000000b7f00000|100%| E|CS|TAMS 0x00000000b7e00000, 0x00000000b7e00000| Complete 
| 895|0x00000000b7f00000, 0x00000000b8000000, 0x00000000b8000000|100%| E|CS|TAMS 0x00000000b7f00000, 0x00000000b7f00000| Complete 
| 896|0x00000000b8000000, 0x00000000b8100000, 0x00000000b8100000|100%| E|CS|TAMS 0x00000000b8000000, 0x00000000b8000000| Complete 
| 897|0x00000000b8100000, 0x00000000b8200000, 0x00000000b8200000|100%| E|CS|TAMS 0x00000000b8100000, 0x00000000b8100000| Complete 
| 898|0x00000000b8200000, 0x00000000b8300000, 0x00000000b8300000|100%| E|CS|TAMS 0x00000000b8200000, 0x00000000b8200000| Complete 
| 899|0x00000000b8300000, 0x00000000b8400000, 0x00000000b8400000|100%| E|CS|TAMS 0x00000000b8300000, 0x00000000b8300000| Complete 
| 900|0x00000000b8400000, 0x00000000b8500000, 0x00000000b8500000|100%| E|CS|TAMS 0x00000000b8400000, 0x00000000b8400000| Complete 
| 901|0x00000000b8500000, 0x00000000b8600000, 0x00000000b8600000|100%| E|CS|TAMS 0x00000000b8500000, 0x00000000b8500000| Complete 
| 902|0x00000000b8600000, 0x00000000b8700000, 0x00000000b8700000|100%| E|CS|TAMS 0x00000000b8600000, 0x00000000b8600000| Complete 
| 903|0x00000000b8700000, 0x00000000b8800000, 0x00000000b8800000|100%| E|CS|TAMS 0x00000000b8700000, 0x00000000b8700000| Complete 
| 904|0x00000000b8800000, 0x00000000b8900000, 0x00000000b8900000|100%| E|CS|TAMS 0x00000000b8800000, 0x00000000b8800000| Complete 
| 905|0x00000000b8900000, 0x00000000b8a00000, 0x00000000b8a00000|100%| E|CS|TAMS 0x00000000b8900000, 0x00000000b8900000| Complete 
| 906|0x00000000b8a00000, 0x00000000b8b00000, 0x00000000b8b00000|100%| E|CS|TAMS 0x00000000b8a00000, 0x00000000b8a00000| Complete 
| 907|0x00000000b8b00000, 0x00000000b8c00000, 0x00000000b8c00000|100%| E|CS|TAMS 0x00000000b8b00000, 0x00000000b8b00000| Complete 
| 908|0x00000000b8c00000, 0x00000000b8d00000, 0x00000000b8d00000|100%| E|CS|TAMS 0x00000000b8c00000, 0x00000000b8c00000| Complete 
| 909|0x00000000b8d00000, 0x00000000b8e00000, 0x00000000b8e00000|100%| E|CS|TAMS 0x00000000b8d00000, 0x00000000b8d00000| Complete 
| 910|0x00000000b8e00000, 0x00000000b8f00000, 0x00000000b8f00000|100%| E|CS|TAMS 0x00000000b8e00000, 0x00000000b8e00000| Complete 
| 911|0x00000000b8f00000, 0x00000000b9000000, 0x00000000b9000000|100%| E|CS|TAMS 0x00000000b8f00000, 0x00000000b8f00000| Complete 
| 912|0x00000000b9000000, 0x00000000b9100000, 0x00000000b9100000|100%| E|CS|TAMS 0x00000000b9000000, 0x00000000b9000000| Complete 
| 913|0x00000000b9100000, 0x00000000b9200000, 0x00000000b9200000|100%| E|CS|TAMS 0x00000000b9100000, 0x00000000b9100000| Complete 
| 914|0x00000000b9200000, 0x00000000b9300000, 0x00000000b9300000|100%| E|CS|TAMS 0x00000000b9200000, 0x00000000b9200000| Complete 
| 915|0x00000000b9300000, 0x00000000b9400000, 0x00000000b9400000|100%| E|CS|TAMS 0x00000000b9300000, 0x00000000b9300000| Complete 
| 916|0x00000000b9400000, 0x00000000b9500000, 0x00000000b9500000|100%| E|CS|TAMS 0x00000000b9400000, 0x00000000b9400000| Complete 
| 917|0x00000000b9500000, 0x00000000b9600000, 0x00000000b9600000|100%| E|CS|TAMS 0x00000000b9500000, 0x00000000b9500000| Complete 
| 918|0x00000000b9600000, 0x00000000b9700000, 0x00000000b9700000|100%| E|CS|TAMS 0x00000000b9600000, 0x00000000b9600000| Complete 
| 919|0x00000000b9700000, 0x00000000b9800000, 0x00000000b9800000|100%| E|CS|TAMS 0x00000000b9700000, 0x00000000b9700000| Complete 
| 920|0x00000000b9800000, 0x00000000b9900000, 0x00000000b9900000|100%| E|CS|TAMS 0x00000000b9800000, 0x00000000b9800000| Complete 
| 921|0x00000000b9900000, 0x00000000b9a00000, 0x00000000b9a00000|100%| E|CS|TAMS 0x00000000b9900000, 0x00000000b9900000| Complete 
| 922|0x00000000b9a00000, 0x00000000b9b00000, 0x00000000b9b00000|100%| E|CS|TAMS 0x00000000b9a00000, 0x00000000b9a00000| Complete 
| 923|0x00000000b9b00000, 0x00000000b9c00000, 0x00000000b9c00000|100%| E|CS|TAMS 0x00000000b9b00000, 0x00000000b9b00000| Complete 
| 924|0x00000000b9c00000, 0x00000000b9d00000, 0x00000000b9d00000|100%| E|CS|TAMS 0x00000000b9c00000, 0x00000000b9c00000| Complete 
| 925|0x00000000b9d00000, 0x00000000b9e00000, 0x00000000b9e00000|100%| E|CS|TAMS 0x00000000b9d00000, 0x00000000b9d00000| Complete 
| 926|0x00000000b9e00000, 0x00000000b9f00000, 0x00000000b9f00000|100%| E|CS|TAMS 0x00000000b9e00000, 0x00000000b9e00000| Complete 
| 927|0x00000000b9f00000, 0x00000000ba000000, 0x00000000ba000000|100%| E|CS|TAMS 0x00000000b9f00000, 0x00000000b9f00000| Complete 
| 928|0x00000000ba000000, 0x00000000ba100000, 0x00000000ba100000|100%| E|CS|TAMS 0x00000000ba000000, 0x00000000ba000000| Complete 
| 929|0x00000000ba100000, 0x00000000ba200000, 0x00000000ba200000|100%| E|CS|TAMS 0x00000000ba100000, 0x00000000ba100000| Complete 
| 930|0x00000000ba200000, 0x00000000ba300000, 0x00000000ba300000|100%| E|CS|TAMS 0x00000000ba200000, 0x00000000ba200000| Complete 
| 931|0x00000000ba300000, 0x00000000ba400000, 0x00000000ba400000|100%| E|CS|TAMS 0x00000000ba300000, 0x00000000ba300000| Complete 
| 932|0x00000000ba400000, 0x00000000ba500000, 0x00000000ba500000|100%| E|CS|TAMS 0x00000000ba400000, 0x00000000ba400000| Complete 
| 933|0x00000000ba500000, 0x00000000ba600000, 0x00000000ba600000|100%| E|CS|TAMS 0x00000000ba500000, 0x00000000ba500000| Complete 
| 934|0x00000000ba600000, 0x00000000ba700000, 0x00000000ba700000|100%| E|CS|TAMS 0x00000000ba600000, 0x00000000ba600000| Complete 
| 935|0x00000000ba700000, 0x00000000ba800000, 0x00000000ba800000|100%| E|CS|TAMS 0x00000000ba700000, 0x00000000ba700000| Complete 
| 936|0x00000000ba800000, 0x00000000ba900000, 0x00000000ba900000|100%| E|CS|TAMS 0x00000000ba800000, 0x00000000ba800000| Complete 
| 937|0x00000000ba900000, 0x00000000baa00000, 0x00000000baa00000|100%| E|CS|TAMS 0x00000000ba900000, 0x00000000ba900000| Complete 
| 938|0x00000000baa00000, 0x00000000bab00000, 0x00000000bab00000|100%| E|CS|TAMS 0x00000000baa00000, 0x00000000baa00000| Complete 
| 939|0x00000000bab00000, 0x00000000bac00000, 0x00000000bac00000|100%| E|CS|TAMS 0x00000000bab00000, 0x00000000bab00000| Complete 
| 940|0x00000000bac00000, 0x00000000bad00000, 0x00000000bad00000|100%| E|CS|TAMS 0x00000000bac00000, 0x00000000bac00000| Complete 
| 941|0x00000000bad00000, 0x00000000bae00000, 0x00000000bae00000|100%| E|CS|TAMS 0x00000000bad00000, 0x00000000bad00000| Complete 
| 942|0x00000000bae00000, 0x00000000baf00000, 0x00000000baf00000|100%| E|CS|TAMS 0x00000000bae00000, 0x00000000bae00000| Complete 
| 943|0x00000000baf00000, 0x00000000bb000000, 0x00000000bb000000|100%| E|CS|TAMS 0x00000000baf00000, 0x00000000baf00000| Complete 
| 944|0x00000000bb000000, 0x00000000bb100000, 0x00000000bb100000|100%| E|CS|TAMS 0x00000000bb000000, 0x00000000bb000000| Complete 
| 945|0x00000000bb100000, 0x00000000bb200000, 0x00000000bb200000|100%| E|CS|TAMS 0x00000000bb100000, 0x00000000bb100000| Complete 
| 946|0x00000000bb200000, 0x00000000bb300000, 0x00000000bb300000|100%| E|CS|TAMS 0x00000000bb200000, 0x00000000bb200000| Complete 
| 947|0x00000000bb300000, 0x00000000bb400000, 0x00000000bb400000|100%| E|CS|TAMS 0x00000000bb300000, 0x00000000bb300000| Complete 
| 948|0x00000000bb400000, 0x00000000bb500000, 0x00000000bb500000|100%| E|CS|TAMS 0x00000000bb400000, 0x00000000bb400000| Complete 
| 949|0x00000000bb500000, 0x00000000bb600000, 0x00000000bb600000|100%| E|CS|TAMS 0x00000000bb500000, 0x00000000bb500000| Complete 
| 950|0x00000000bb600000, 0x00000000bb700000, 0x00000000bb700000|100%| E|CS|TAMS 0x00000000bb600000, 0x00000000bb600000| Complete 
| 951|0x00000000bb700000, 0x00000000bb800000, 0x00000000bb800000|100%| E|CS|TAMS 0x00000000bb700000, 0x00000000bb700000| Complete 
| 952|0x00000000bb800000, 0x00000000bb900000, 0x00000000bb900000|100%| E|CS|TAMS 0x00000000bb800000, 0x00000000bb800000| Complete 
| 953|0x00000000bb900000, 0x00000000bba00000, 0x00000000bba00000|100%| E|CS|TAMS 0x00000000bb900000, 0x00000000bb900000| Complete 
| 954|0x00000000bba00000, 0x00000000bbb00000, 0x00000000bbb00000|100%| E|CS|TAMS 0x00000000bba00000, 0x00000000bba00000| Complete 
| 955|0x00000000bbb00000, 0x00000000bbc00000, 0x00000000bbc00000|100%| E|CS|TAMS 0x00000000bbb00000, 0x00000000bbb00000| Complete 
| 956|0x00000000bbc00000, 0x00000000bbd00000, 0x00000000bbd00000|100%| E|CS|TAMS 0x00000000bbc00000, 0x00000000bbc00000| Complete 
| 957|0x00000000bbd00000, 0x00000000bbe00000, 0x00000000bbe00000|100%| E|CS|TAMS 0x00000000bbd00000, 0x00000000bbd00000| Complete 
| 958|0x00000000bbe00000, 0x00000000bbf00000, 0x00000000bbf00000|100%| E|CS|TAMS 0x00000000bbe00000, 0x00000000bbe00000| Complete 
| 959|0x00000000bbf00000, 0x00000000bc000000, 0x00000000bc000000|100%| E|CS|TAMS 0x00000000bbf00000, 0x00000000bbf00000| Complete 
| 960|0x00000000bc000000, 0x00000000bc100000, 0x00000000bc100000|100%| E|CS|TAMS 0x00000000bc000000, 0x00000000bc000000| Complete 
| 961|0x00000000bc100000, 0x00000000bc200000, 0x00000000bc200000|100%| E|CS|TAMS 0x00000000bc100000, 0x00000000bc100000| Complete 
| 962|0x00000000bc200000, 0x00000000bc300000, 0x00000000bc300000|100%| E|CS|TAMS 0x00000000bc200000, 0x00000000bc200000| Complete 
| 963|0x00000000bc300000, 0x00000000bc400000, 0x00000000bc400000|100%| E|CS|TAMS 0x00000000bc300000, 0x00000000bc300000| Complete 
| 964|0x00000000bc400000, 0x00000000bc500000, 0x00000000bc500000|100%| E|CS|TAMS 0x00000000bc400000, 0x00000000bc400000| Complete 
| 965|0x00000000bc500000, 0x00000000bc600000, 0x00000000bc600000|100%| E|CS|TAMS 0x00000000bc500000, 0x00000000bc500000| Complete 
| 966|0x00000000bc600000, 0x00000000bc700000, 0x00000000bc700000|100%| E|CS|TAMS 0x00000000bc600000, 0x00000000bc600000| Complete 
| 967|0x00000000bc700000, 0x00000000bc800000, 0x00000000bc800000|100%| E|CS|TAMS 0x00000000bc700000, 0x00000000bc700000| Complete 
| 968|0x00000000bc800000, 0x00000000bc900000, 0x00000000bc900000|100%| E|CS|TAMS 0x00000000bc800000, 0x00000000bc800000| Complete 
| 969|0x00000000bc900000, 0x00000000bca00000, 0x00000000bca00000|100%| E|CS|TAMS 0x00000000bc900000, 0x00000000bc900000| Complete 
| 970|0x00000000bca00000, 0x00000000bcb00000, 0x00000000bcb00000|100%| E|CS|TAMS 0x00000000bca00000, 0x00000000bca00000| Complete 
| 971|0x00000000bcb00000, 0x00000000bcc00000, 0x00000000bcc00000|100%| E|CS|TAMS 0x00000000bcb00000, 0x00000000bcb00000| Complete 
| 972|0x00000000bcc00000, 0x00000000bcd00000, 0x00000000bcd00000|100%| E|CS|TAMS 0x00000000bcc00000, 0x00000000bcc00000| Complete 
| 973|0x00000000bcd00000, 0x00000000bce00000, 0x00000000bce00000|100%| E|CS|TAMS 0x00000000bcd00000, 0x00000000bcd00000| Complete 
| 974|0x00000000bce00000, 0x00000000bcf00000, 0x00000000bcf00000|100%| E|CS|TAMS 0x00000000bce00000, 0x00000000bce00000| Complete 
| 975|0x00000000bcf00000, 0x00000000bd000000, 0x00000000bd000000|100%| E|CS|TAMS 0x00000000bcf00000, 0x00000000bcf00000| Complete 
| 976|0x00000000bd000000, 0x00000000bd100000, 0x00000000bd100000|100%| E|CS|TAMS 0x00000000bd000000, 0x00000000bd000000| Complete 
| 977|0x00000000bd100000, 0x00000000bd200000, 0x00000000bd200000|100%| E|CS|TAMS 0x00000000bd100000, 0x00000000bd100000| Complete 
| 978|0x00000000bd200000, 0x00000000bd300000, 0x00000000bd300000|100%| E|CS|TAMS 0x00000000bd200000, 0x00000000bd200000| Complete 
| 979|0x00000000bd300000, 0x00000000bd400000, 0x00000000bd400000|100%| E|CS|TAMS 0x00000000bd300000, 0x00000000bd300000| Complete 
| 980|0x00000000bd400000, 0x00000000bd500000, 0x00000000bd500000|100%| E|CS|TAMS 0x00000000bd400000, 0x00000000bd400000| Complete 
| 981|0x00000000bd500000, 0x00000000bd600000, 0x00000000bd600000|100%| E|CS|TAMS 0x00000000bd500000, 0x00000000bd500000| Complete 
| 982|0x00000000bd600000, 0x00000000bd700000, 0x00000000bd700000|100%| E|CS|TAMS 0x00000000bd600000, 0x00000000bd600000| Complete 
| 983|0x00000000bd700000, 0x00000000bd800000, 0x00000000bd800000|100%| E|CS|TAMS 0x00000000bd700000, 0x00000000bd700000| Complete 
| 984|0x00000000bd800000, 0x00000000bd900000, 0x00000000bd900000|100%| E|CS|TAMS 0x00000000bd800000, 0x00000000bd800000| Complete 
| 985|0x00000000bd900000, 0x00000000bda00000, 0x00000000bda00000|100%| E|CS|TAMS 0x00000000bd900000, 0x00000000bd900000| Complete 
|1268|0x00000000cf400000, 0x00000000cf500000, 0x00000000cf500000|100%| E|CS|TAMS 0x00000000cf400000, 0x00000000cf400000| Complete 
|1269|0x00000000cf500000, 0x00000000cf600000, 0x00000000cf600000|100%| E|CS|TAMS 0x00000000cf500000, 0x00000000cf500000| Complete 
|1270|0x00000000cf600000, 0x00000000cf700000, 0x00000000cf700000|100%| E|CS|TAMS 0x00000000cf600000, 0x00000000cf600000| Complete 
|1271|0x00000000cf700000, 0x00000000cf800000, 0x00000000cf800000|100%| E|CS|TAMS 0x00000000cf700000, 0x00000000cf700000| Complete 
|1272|0x00000000cf800000, 0x00000000cf900000, 0x00000000cf900000|100%| E|CS|TAMS 0x00000000cf800000, 0x00000000cf800000| Complete 
|1273|0x00000000cf900000, 0x00000000cfa00000, 0x00000000cfa00000|100%| E|CS|TAMS 0x00000000cf900000, 0x00000000cf900000| Complete 
|1274|0x00000000cfa00000, 0x00000000cfb00000, 0x00000000cfb00000|100%| E|CS|TAMS 0x00000000cfa00000, 0x00000000cfa00000| Complete 
|1275|0x00000000cfb00000, 0x00000000cfc00000, 0x00000000cfc00000|100%| E|CS|TAMS 0x00000000cfb00000, 0x00000000cfb00000| Complete 
|1276|0x00000000cfc00000, 0x00000000cfd00000, 0x00000000cfd00000|100%| E|CS|TAMS 0x00000000cfc00000, 0x00000000cfc00000| Complete 
|1277|0x00000000cfd00000, 0x00000000cfe00000, 0x00000000cfe00000|100%| E|CS|TAMS 0x00000000cfd00000, 0x00000000cfd00000| Complete 
|1278|0x00000000cfe00000, 0x00000000cff00000, 0x00000000cff00000|100%| E|CS|TAMS 0x00000000cfe00000, 0x00000000cfe00000| Complete 
|1279|0x00000000cff00000, 0x00000000d0000000, 0x00000000d0000000|100%| E|CS|TAMS 0x00000000cff00000, 0x00000000cff00000| Complete 
|1280|0x00000000d0000000, 0x00000000d0100000, 0x00000000d0100000|100%| E|CS|TAMS 0x00000000d0000000, 0x00000000d0000000| Complete 
|1281|0x00000000d0100000, 0x00000000d0200000, 0x00000000d0200000|100%| E|CS|TAMS 0x00000000d0100000, 0x00000000d0100000| Complete 
|1282|0x00000000d0200000, 0x00000000d0300000, 0x00000000d0300000|100%| E|CS|TAMS 0x00000000d0200000, 0x00000000d0200000| Complete 
|1283|0x00000000d0300000, 0x00000000d0400000, 0x00000000d0400000|100%| E|CS|TAMS 0x00000000d0300000, 0x00000000d0300000| Complete 
|1284|0x00000000d0400000, 0x00000000d0500000, 0x00000000d0500000|100%| E|CS|TAMS 0x00000000d0400000, 0x00000000d0400000| Complete 
|1285|0x00000000d0500000, 0x00000000d0600000, 0x00000000d0600000|100%| E|CS|TAMS 0x00000000d0500000, 0x00000000d0500000| Complete 
|1286|0x00000000d0600000, 0x00000000d0700000, 0x00000000d0700000|100%| E|CS|TAMS 0x00000000d0600000, 0x00000000d0600000| Complete 
|1287|0x00000000d0700000, 0x00000000d0800000, 0x00000000d0800000|100%| E|CS|TAMS 0x00000000d0700000, 0x00000000d0700000| Complete 
|1288|0x00000000d0800000, 0x00000000d0900000, 0x00000000d0900000|100%| E|CS|TAMS 0x00000000d0800000, 0x00000000d0800000| Complete 
|2033|0x00000000ff100000, 0x00000000ff200000, 0x00000000ff200000|100%| O|  |TAMS 0x00000000ff200000, 0x00000000ff100000| Untracked 
|2034|0x00000000ff200000, 0x00000000ff300000, 0x00000000ff300000|100%| O|  |TAMS 0x00000000ff300000, 0x00000000ff200000| Untracked 
|2035|0x00000000ff300000, 0x00000000ff400000, 0x00000000ff400000|100%| O|  |TAMS 0x00000000ff400000, 0x00000000ff300000| Untracked 
|2036|0x00000000ff400000, 0x00000000ff500000, 0x00000000ff500000|100%| O|  |TAMS 0x00000000ff500000, 0x00000000ff400000| Untracked 
|2037|0x00000000ff500000, 0x00000000ff600000, 0x00000000ff600000|100%| O|  |TAMS 0x00000000ff600000, 0x00000000ff500000| Untracked 
|2038|0x00000000ff600000, 0x00000000ff700000, 0x00000000ff700000|100%| O|  |TAMS 0x00000000ff700000, 0x00000000ff600000| Untracked 
|2039|0x00000000ff700000, 0x00000000ff800000, 0x00000000ff800000|100%| O|  |TAMS 0x00000000ff800000, 0x00000000ff700000| Untracked 
|2040|0x00000000ff800000, 0x00000000ff900000, 0x00000000ff900000|100%| O|  |TAMS 0x00000000ff900000, 0x00000000ff800000| Untracked 
|2041|0x00000000ff900000, 0x00000000ffa00000, 0x00000000ffa00000|100%| O|  |TAMS 0x00000000ffa00000, 0x00000000ff900000| Untracked 
|2042|0x00000000ffa00000, 0x00000000ffb00000, 0x00000000ffb00000|100%| O|  |TAMS 0x00000000ffb00000, 0x00000000ffa00000| Untracked 
|2043|0x00000000ffb00000, 0x00000000ffc00000, 0x00000000ffc00000|100%| O|  |TAMS 0x00000000ffc00000, 0x00000000ffb00000| Untracked 
|2044|0x00000000ffc00000, 0x00000000ffd00000, 0x00000000ffd00000|100%| O|  |TAMS 0x00000000ffd00000, 0x00000000ffc00000| Untracked 
|2045|0x00000000ffd00000, 0x00000000ffe00000, 0x00000000ffe00000|100%| O|  |TAMS 0x00000000ffe00000, 0x00000000ffd00000| Untracked 
|2046|0x00000000ffe00000, 0x00000000fff00000, 0x00000000fff00000|100%| O|  |TAMS 0x00000000fff00000, 0x00000000ffe00000| Untracked 
|2047|0x00000000fff00000, 0x0000000100000000, 0x0000000100000000|100%| O|  |TAMS 0x0000000100000000, 0x00000000fff00000| Untracked 

Card table byte_map: [0x0000017fa6090000,0x0000017fa6490000] _byte_map_base: 0x0000017fa5c90000

Marking Bits (Prev, Next): (CMBitMap*) 0x0000017f8cedf5d0, (CMBitMap*) 0x0000017f8cedf590
 Prev Bits: [0x0000017fa8890000, 0x0000017faa890000)
 Next Bits: [0x0000017fa6890000, 0x0000017fa8890000)

Polling page: 0x0000017f8cf30000

Metaspace:

Usage:
  Non-class:    268.98 MB used.
      Class:     38.07 MB used.
       Both:    307.05 MB used.

Virtual space:
  Non-class space:      320.00 MB reserved,     269.94 MB ( 84%) committed,  5 nodes.
      Class space:        1.00 GB reserved,      39.00 MB (  4%) committed,  1 nodes.
             Both:        1.31 GB reserved,     308.94 MB ( 23%) committed. 

Chunk freelists:
   Non-Class:  1.95 MB
       Class:  8.97 MB
        Both:  10.92 MB

MaxMetaspaceSize: unlimited
CompressedClassSpaceSize: 1.00 GB
Initial GC threshold: 21.00 MB
Current GC threshold: 512.94 MB
CDS: on
MetaspaceReclaimPolicy: balanced
 - commit_granule_bytes: 65536.
 - commit_granule_words: 8192.
 - virtual_space_node_default_size: 8388608.
 - enlarge_chunks_in_place: 1.
 - new_chunks_are_fully_committed: 0.
 - uncommit_free_chunks: 1.
 - use_allocation_guard: 0.
 - handle_deallocations: 1.


Internal statistics:

num_allocs_failed_limit: 6.
num_arena_births: 5496.
num_arena_deaths: 2156.
num_vsnodes_births: 6.
num_vsnodes_deaths: 0.
num_space_committed: 6645.
num_space_uncommitted: 1710.
num_chunks_returned_to_freelist: 9998.
num_chunks_taken_from_freelist: 27204.
num_chunk_merges: 2820.
num_chunk_splits: 16802.
num_chunks_enlarged: 11614.
num_inconsistent_stats: 0.

CodeHeap 'non-profiled nmethods': size=120000Kb used=40878Kb max_used=40878Kb free=79121Kb
 bounds [0x0000017f9dcf0000, 0x0000017fa04e0000, 0x0000017fa5220000]
CodeHeap 'profiled nmethods': size=120000Kb used=115317Kb max_used=116334Kb free=4682Kb
 bounds [0x0000017f96220000, 0x0000017f9d440000, 0x0000017f9d750000]
CodeHeap 'non-nmethods': size=5760Kb used=2891Kb max_used=3042Kb free=2868Kb
 bounds [0x0000017f9d750000, 0x0000017f9da50000, 0x0000017f9dcf0000]
 total_blobs=47396 nmethods=45906 adapters=1397
 compilation: enabled
              stopped_count=0, restarted_count=0
 full_count=0

Compilation events (20 events):
Event: 11664.341 Thread 0x000001800a953bc0 105429       4       org.jetbrains.kotlin.fir.visitors.FirTransformer::transformTypeRef (20 bytes)
Event: 11664.342 Thread 0x0000017fad418a20 105430       3       org.jetbrains.kotlin.fir.declarations.builder.FirConstructorBuilder::setResolvePhase (12 bytes)
Event: 11664.342 Thread 0x000001800a953bc0 nmethod 105429 0x0000017fa04cc590 code [0x0000017fa04cc720, 0x0000017fa04cc818]
Event: 11664.342 Thread 0x000001800a953bc0 105423       4       org.jetbrains.kotlin.metadata.jvm.deserialization.JvmNameResolverBase::isLocalClassName (14 bytes)
Event: 11664.343 Thread 0x0000017fad418a20 nmethod 105430 0x0000017f9c48ed10 code [0x0000017f9c48ef20, 0x0000017f9c48f518]
Event: 11664.346 Thread 0x000001800a953bc0 nmethod 105423 0x0000017fa04cc990 code [0x0000017fa04ccb20, 0x0000017fa04ccc78]
Event: 11664.346 Thread 0x0000017fad418a20 105431       3       org.jetbrains.kotlin.fir.declarations.builder.FirConstructorBuilder::setDeprecationsProvider (12 bytes)
Event: 11664.346 Thread 0x0000017fad418a20 nmethod 105431 0x0000017f9be59f10 code [0x0000017f9be5a120, 0x0000017f9be5a718]
Event: 11664.348 Thread 0x0000017fad418a20 105432       3       org.jetbrains.kotlin.fir.declarations.builder.FirConstructorBuilder::build (94 bytes)
Event: 11664.355 Thread 0x0000017fad418a20 nmethod 105432 0x0000017f9be55910 code [0x0000017f9be55ee0, 0x0000017f9be58ed8]
Event: 11664.355 Thread 0x0000017fad418a20 105433       3       org.jetbrains.kotlin.fir.declarations.impl.FirConstructorImpl::<init> (40 bytes)
Event: 11664.355 Thread 0x0000017fad418a20 nmethod 105433 0x0000017f9b8f2290 code [0x0000017f9b8f2440, 0x0000017f9b8f2648]
Event: 11664.364 Thread 0x000001800a953bc0 105434       4       org.jetbrains.kotlin.fir.resolve.transformers.body.resolve.FirAbstractBodyResolveTransformerDispatcher::transformElement (10 bytes)
Event: 11664.367 Thread 0x000001800a953bc0 nmethod 105434 0x0000017fa04ccd90 code [0x0000017fa04ccf20, 0x0000017fa04cd038]
Event: 11664.396 Thread 0x000001800a953bc0 105435       4       kotlin.collections.CollectionsKt___CollectionsKt$asSequence$$inlined$Sequence$1::iterator (12 bytes)
Event: 11664.401 Thread 0x000001800a953bc0 nmethod 105435 0x0000017fa04cd190 code [0x0000017fa04cd320, 0x0000017fa04cd5b8]
Event: 11664.444 Thread 0x0000017fad418a20 105436       3       org.jetbrains.kotlin.fir.resolve.ResolveUtilsKt::transformExpressionUsingSmartcastInfo (610 bytes)
Event: 11664.453 Thread 0x000001800a953bc0 105437       4       org.jetbrains.kotlin.fir.resolve.transformers.body.resolve.FirExpressionsResolveTransformer$$Lambda$11495/0x0000017fb14fe938::invoke (19 bytes)
Event: 11664.649 Thread 0x000001800a953bc0 nmethod 105437 0x0000017fa04cd790 code [0x0000017fa04cd940, 0x0000017fa04cdbf8]
Event: 11664.650 Thread 0x000001800a953bc0 105440       4       org.jetbrains.kotlin.resolve.calls.inference.components.VariableFixationFinder::variableHasOnlyIncorporatedConstraintsFromDeclaredUpperBound (216 bytes)

GC Heap History (20 events):
Event: 11548.973 GC heap before
{Heap before GC invocations=219 (full 2):
 garbage-first heap   total 918528K, used 457316K [0x0000000080000000, 0x0000000100000000)
  region size 1024K, 223 young (228352K), 6 survivors (6144K)
 Metaspace       used 243202K, committed 244992K, reserved 1310720K
  class space    used 30557K, committed 31424K, reserved 1048576K
}
Event: 11548.992 GC heap after
{Heap after GC invocations=220 (full 2):
 garbage-first heap   total 918528K, used 238579K [0x0000000080000000, 0x0000000100000000)
  region size 1024K, 9 young (9216K), 9 survivors (9216K)
 Metaspace       used 243202K, committed 244992K, reserved 1310720K
  class space    used 30557K, committed 31424K, reserved 1048576K
}
Event: 11555.489 GC heap before
{Heap before GC invocations=221 (full 2):
 garbage-first heap   total 819200K, used 571379K [0x0000000080000000, 0x0000000100000000)
  region size 1024K, 313 young (320512K), 9 survivors (9216K)
 Metaspace       used 255556K, committed 257408K, reserved 1310720K
  class space    used 32436K, committed 33344K, reserved 1048576K
}
Event: 11555.575 GC heap after
{Heap after GC invocations=222 (full 2):
 garbage-first heap   total 819200K, used 286801K [0x0000000080000000, 0x0000000100000000)
  region size 1024K, 40 young (40960K), 40 survivors (40960K)
 Metaspace       used 255556K, committed 257408K, reserved 1310720K
  class space    used 32436K, committed 33344K, reserved 1048576K
}
Event: 11555.601 GC heap before
{Heap before GC invocations=222 (full 2):
 garbage-first heap   total 819200K, used 287825K [0x0000000080000000, 0x0000000100000000)
  region size 1024K, 41 young (41984K), 40 survivors (40960K)
 Metaspace       used 255556K, committed 257408K, reserved 1310720K
  class space    used 32436K, committed 33344K, reserved 1048576K
}
Event: 11555.714 GC heap after
{Heap after GC invocations=223 (full 2):
 garbage-first heap   total 819200K, used 281458K [0x0000000080000000, 0x0000000100000000)
  region size 1024K, 4 young (4096K), 4 survivors (4096K)
 Metaspace       used 255556K, committed 257408K, reserved 1310720K
  class space    used 32436K, committed 33344K, reserved 1048576K
}
Event: 11556.305 GC heap before
{Heap before GC invocations=223 (full 2):
 garbage-first heap   total 819200K, used 337778K [0x0000000080000000, 0x0000000100000000)
  region size 1024K, 60 young (61440K), 4 survivors (4096K)
 Metaspace       used 255593K, committed 257472K, reserved 1310720K
  class space    used 32438K, committed 33344K, reserved 1048576K
}
Event: 11556.323 GC heap after
{Heap after GC invocations=224 (full 2):
 garbage-first heap   total 1319936K, used 285419K [0x0000000080000000, 0x0000000100000000)
  region size 1024K, 8 young (8192K), 8 survivors (8192K)
 Metaspace       used 255593K, committed 257472K, reserved 1310720K
  class space    used 32438K, committed 33344K, reserved 1048576K
}
Event: 11590.133 GC heap before
{Heap before GC invocations=225 (full 2):
 garbage-first heap   total 1017856K, used 933469K [0x0000000080000000, 0x0000000100000000)
  region size 1024K, 644 young (659456K), 8 survivors (8192K)
 Metaspace       used 303342K, committed 305280K, reserved 1376256K
  class space    used 37668K, committed 38592K, reserved 1048576K
}
Event: 11590.437 GC heap after
{Heap after GC invocations=226 (full 2):
 garbage-first heap   total 1046528K, used 373842K [0x0000000080000000, 0x0000000100000000)
  region size 1024K, 91 young (93184K), 91 survivors (93184K)
 Metaspace       used 303342K, committed 305280K, reserved 1376256K
  class space    used 37668K, committed 38592K, reserved 1048576K
}
Event: 11590.606 GC heap before
{Heap before GC invocations=226 (full 2):
 garbage-first heap   total 1046528K, used 374866K [0x0000000080000000, 0x0000000100000000)
  region size 1024K, 92 young (94208K), 91 survivors (93184K)
 Metaspace       used 303380K, committed 305280K, reserved 1376256K
  class space    used 37670K, committed 38592K, reserved 1048576K
}
Event: 11590.714 GC heap after
{Heap after GC invocations=227 (full 2):
 garbage-first heap   total 1046528K, used 361626K [0x0000000080000000, 0x0000000100000000)
  region size 1024K, 4 young (4096K), 4 survivors (4096K)
 Metaspace       used 303380K, committed 305280K, reserved 1376256K
  class space    used 37670K, committed 38592K, reserved 1048576K
}
Event: 11596.631 GC heap before
{Heap before GC invocations=227 (full 2):
 garbage-first heap   total 1046528K, used 436378K [0x0000000080000000, 0x0000000100000000)
  region size 1024K, 79 young (80896K), 4 survivors (4096K)
 Metaspace       used 308162K, committed 310080K, reserved 1376256K
  class space    used 38480K, committed 39424K, reserved 1048576K
}
Event: 11596.652 GC heap after
{Heap after GC invocations=228 (full 2):
 garbage-first heap   total 1046528K, used 366589K [0x0000000080000000, 0x0000000100000000)
  region size 1024K, 9 young (9216K), 9 survivors (9216K)
 Metaspace       used 308162K, committed 310080K, reserved 1376256K
  class space    used 38480K, committed 39424K, reserved 1048576K
}
Event: 11624.972 GC heap before
{Heap before GC invocations=229 (full 2):
 garbage-first heap   total 1046528K, used 835581K [0x0000000080000000, 0x0000000100000000)
  region size 1024K, 449 young (459776K), 9 survivors (9216K)
 Metaspace       used 312177K, committed 314112K, reserved 1376256K
  class space    used 38784K, committed 39744K, reserved 1048576K
}
Event: 11625.369 GC heap after
{Heap after GC invocations=230 (full 2):
 garbage-first heap   total 1046528K, used 422776K [0x0000000080000000, 0x0000000100000000)
  region size 1024K, 48 young (49152K), 48 survivors (49152K)
 Metaspace       used 312177K, committed 314112K, reserved 1376256K
  class space    used 38784K, committed 39744K, reserved 1048576K
}
Event: 11625.576 GC heap before
{Heap before GC invocations=230 (full 2):
 garbage-first heap   total 1046528K, used 425848K [0x0000000080000000, 0x0000000100000000)
  region size 1024K, 51 young (52224K), 48 survivors (49152K)
 Metaspace       used 312193K, committed 314176K, reserved 1376256K
  class space    used 38784K, committed 39744K, reserved 1048576K
}
Event: 11625.767 GC heap after
{Heap after GC invocations=231 (full 2):
 garbage-first heap   total 1046528K, used 414724K [0x0000000080000000, 0x0000000100000000)
  region size 1024K, 4 young (4096K), 4 survivors (4096K)
 Metaspace       used 312193K, committed 314176K, reserved 1376256K
  class space    used 38784K, committed 39744K, reserved 1048576K
}
Event: 11642.374 GC heap before
{Heap before GC invocations=231 (full 2):
 garbage-first heap   total 1046528K, used 676868K [0x0000000080000000, 0x0000000100000000)
  region size 1024K, 260 young (266240K), 4 survivors (4096K)
 Metaspace       used 313153K, committed 315072K, reserved 1376256K
  class space    used 38881K, committed 39808K, reserved 1048576K
}
Event: 11642.485 GC heap after
{Heap after GC invocations=232 (full 2):
 garbage-first heap   total 1046528K, used 425915K [0x0000000080000000, 0x0000000100000000)
  region size 1024K, 15 young (15360K), 15 survivors (15360K)
 Metaspace       used 313153K, committed 315072K, reserved 1376256K
  class space    used 38881K, committed 39808K, reserved 1048576K
}

Dll operation events (18 events):
Event: 0.019 Loaded shared library C:\Program Files\Eclipse Adoptium\jdk-17.0.20.101-hotspot\bin\java.dll
Event: 0.046 Loaded shared library C:\Program Files\Eclipse Adoptium\jdk-17.0.20.101-hotspot\bin\jsvml.dll
Event: 0.149 Loaded shared library C:\Program Files\Eclipse Adoptium\jdk-17.0.20.101-hotspot\bin\zip.dll
Event: 0.166 Loaded shared library C:\Program Files\Eclipse Adoptium\jdk-17.0.20.101-hotspot\bin\instrument.dll
Event: 0.173 Loaded shared library C:\Program Files\Eclipse Adoptium\jdk-17.0.20.101-hotspot\bin\net.dll
Event: 0.176 Loaded shared library C:\Program Files\Eclipse Adoptium\jdk-17.0.20.101-hotspot\bin\nio.dll
Event: 0.180 Loaded shared library C:\Program Files\Eclipse Adoptium\jdk-17.0.20.101-hotspot\bin\zip.dll
Event: 0.598 Loaded shared library C:\Program Files\Eclipse Adoptium\jdk-17.0.20.101-hotspot\bin\jimage.dll
Event: 0.958 Loaded shared library C:\Program Files\Eclipse Adoptium\jdk-17.0.20.101-hotspot\bin\verify.dll
Event: 1.249 Loaded shared library C:\Users\ch6vip\.gradle\native\1def1411415f61bf3af743bc5b6707747c0891f09f0c88961ee8f79bc544acac\windows-amd64\native-platform.dll
Event: 1.272 Loaded shared library C:\Users\ch6vip\.gradle\native\0.2.5\x86_64-windows-gnu\gradle-fileevents.dll
Event: 2.857 Loaded shared library C:\Program Files\Eclipse Adoptium\jdk-17.0.20.101-hotspot\bin\management.dll
Event: 2.862 Loaded shared library C:\Program Files\Eclipse Adoptium\jdk-17.0.20.101-hotspot\bin\management_ext.dll
Event: 3.219 Loaded shared library C:\Program Files\Eclipse Adoptium\jdk-17.0.20.101-hotspot\bin\extnet.dll
Event: 3.651 Loaded shared library C:\Program Files\Eclipse Adoptium\jdk-17.0.20.101-hotspot\bin\sunmscapi.dll
Event: 5.422 Loaded shared library C:\Users\ch6vip\AppData\Local\Temp\native-platform2221142253277545176dir\gradle-fileevents.dll
Event: 41.926 Loaded shared library C:\Program Files\Eclipse Adoptium\jdk-17.0.20.101-hotspot\bin\rmi.dll
Event: 85.656 Loaded shared library C:\Program Files\Eclipse Adoptium\jdk-17.0.20.101-hotspot\bin\awt.dll

Deoptimization events (20 events):
Event: 11663.350 Thread 0x0000017ff61afbf0 Uncommon trap: trap_request=0xffffff5c fr.pc=0x0000017fa04afd8c relative=0x00000000000000ec
Event: 11663.350 Thread 0x0000017ff61afbf0 Uncommon trap: reason=speculate_null_check action=make_not_entrant pc=0x0000017fa04afd8c method=com.intellij.reference.SoftReference.dereference(Ljava/lang/ref/Reference;)Ljava/lang/Object; @ 1 c2
Event: 11663.350 Thread 0x0000017ff61afbf0 DEOPT PACKING pc=0x0000017fa04afd8c sp=0x0000004b78aeed50
Event: 11663.350 Thread 0x0000017ff61afbf0 DEOPT UNPACKING pc=0x0000017f9d7a69a3 sp=0x0000004b78aeec98 mode 2
Event: 11664.147 Thread 0x0000017ff61afbf0 Uncommon trap: trap_request=0xffffff66 fr.pc=0x0000017fa0488acc relative=0x00000000000013cc
Event: 11664.147 Thread 0x0000017ff61afbf0 Uncommon trap: reason=speculate_class_check action=maybe_recompile pc=0x0000017fa0488acc method=org.jetbrains.kotlin.fir.symbols.FirLazyDeclarationResolverKt.invokeLazyResolveToPhase(Lorg/jetbrains/kotlin/fir/FirElementWithResolveState;Lorg/jetbrains/kotl
Event: 11664.147 Thread 0x0000017ff61afbf0 DEOPT PACKING pc=0x0000017fa0488acc sp=0x0000004b78afbcd0
Event: 11664.147 Thread 0x0000017ff61afbf0 DEOPT UNPACKING pc=0x0000017f9d7a69a3 sp=0x0000004b78afbbd8 mode 2
Event: 11664.147 Thread 0x0000017ff61afbf0 Uncommon trap: trap_request=0xffffff66 fr.pc=0x0000017fa0488acc relative=0x00000000000013cc
Event: 11664.147 Thread 0x0000017ff61afbf0 Uncommon trap: reason=speculate_class_check action=maybe_recompile pc=0x0000017fa0488acc method=org.jetbrains.kotlin.fir.symbols.FirLazyDeclarationResolverKt.invokeLazyResolveToPhase(Lorg/jetbrains/kotlin/fir/FirElementWithResolveState;Lorg/jetbrains/kotl
Event: 11664.147 Thread 0x0000017ff61afbf0 DEOPT PACKING pc=0x0000017fa0488acc sp=0x0000004b78afbdd0
Event: 11664.147 Thread 0x0000017ff61afbf0 DEOPT UNPACKING pc=0x0000017f9d7a69a3 sp=0x0000004b78afbcd8 mode 2
Event: 11664.355 Thread 0x0000017ff61afbf0 Uncommon trap: trap_request=0xffffffbe fr.pc=0x0000017fa03c7e78 relative=0x0000000000003798
Event: 11664.355 Thread 0x0000017ff61afbf0 Uncommon trap: reason=profile_predicate action=maybe_recompile pc=0x0000017fa03c7e78 method=org.jetbrains.kotlin.fir.resolve.calls.stages.CreateFreshTypeVariableSubstitutorStageKt.createToFreshVariableSubstitutorAndAddInitialConstraints(Lorg/jetbrains/kot
Event: 11664.355 Thread 0x0000017ff61afbf0 DEOPT PACKING pc=0x0000017fa03c7e78 sp=0x0000004b78af7900
Event: 11664.356 Thread 0x0000017ff61afbf0 DEOPT UNPACKING pc=0x0000017f9d7a69a3 sp=0x0000004b78af78a0 mode 2
Event: 11664.501 Thread 0x0000017ff61afbf0 Uncommon trap: trap_request=0xffffff66 fr.pc=0x0000017fa0276c80 relative=0x00000000000015e0
Event: 11664.501 Thread 0x0000017ff61afbf0 Uncommon trap: reason=speculate_class_check action=maybe_recompile pc=0x0000017fa0276c80 method=org.jetbrains.kotlin.fir.resolve.calls.candidate.CandidateFactoryKt.processConstraintStorageFromExpression(Lorg/jetbrains/kotlin/fir/expressions/FirStatement;L
Event: 11664.501 Thread 0x0000017ff61afbf0 DEOPT PACKING pc=0x0000017fa0276c80 sp=0x0000004b78af7ed0
Event: 11664.501 Thread 0x0000017ff61afbf0 DEOPT UNPACKING pc=0x0000017f9d7a69a3 sp=0x0000004b78af7cb8 mode 2

Classes loaded (20 events):
Event: 11531.052 Loading class java/text/BreakIterator
Event: 11531.055 Loading class java/text/BreakIterator done
Event: 11531.736 Loading class java/util/regex/Pattern$Pos
Event: 11531.737 Loading class java/util/regex/Pattern$Pos done
Event: 11535.241 Loading class java/util/IdentityHashMap$EntryIterator
Event: 11535.242 Loading class java/util/IdentityHashMap$EntryIterator done
Event: 11535.243 Loading class java/util/IdentityHashMap$EntryIterator$Entry
Event: 11535.243 Loading class java/util/IdentityHashMap$EntryIterator$Entry done
Event: 11552.432 Loading class sun/nio/cs/US_ASCII$Decoder
Event: 11552.436 Loading class sun/nio/cs/US_ASCII$Decoder done
Event: 11552.550 Loading class sun/nio/cs/US_ASCII$Encoder
Event: 11552.551 Loading class sun/nio/cs/US_ASCII$Encoder done
Event: 11552.552 Loading class sun/nio/cs/Surrogate$Parser
Event: 11552.553 Loading class sun/nio/cs/Surrogate$Parser done
Event: 11552.553 Loading class sun/nio/cs/Surrogate
Event: 11552.554 Loading class sun/nio/cs/Surrogate done
Event: 11552.590 Loading class java/util/TreeMap$AscendingSubMap
Event: 11552.591 Loading class java/util/TreeMap$AscendingSubMap done
Event: 11552.591 Loading class java/util/TreeMap$NavigableSubMap$SubMapKeyIterator
Event: 11552.592 Loading class java/util/TreeMap$NavigableSubMap$SubMapKeyIterator done

Classes unloaded (20 events):
Event: 11543.245 Thread 0x0000017facd02940 Unloading class 0x0000017fb0a56ff8 'jdk/internal/jimage/ImageHeader'
Event: 11543.245 Thread 0x0000017facd02940 Unloading class 0x0000017fb0a56dc8 'jdk/internal/jimage/BasicImageReader$2'
Event: 11543.245 Thread 0x0000017facd02940 Unloading class 0x0000017fb0a56b98 'jdk/internal/jimage/BasicImageReader$1'
Event: 11543.245 Thread 0x0000017facd02940 Unloading class 0x0000017fb0a56930 'jdk/internal/jimage/ImageReader$Resource'
Event: 11543.245 Thread 0x0000017facd02940 Unloading class 0x0000017fb0a566c8 'jdk/internal/jimage/ImageReader$LinkNode'
Event: 11543.245 Thread 0x0000017facd02940 Unloading class 0x0000017fb0a56460 'jdk/internal/jimage/ImageReader$Directory'
Event: 11543.245 Thread 0x0000017facd02940 Unloading class 0x0000017fb0a561f8 'jdk/internal/jimage/ImageReader$Node'
Event: 11543.245 Thread 0x0000017facd02940 Unloading class 0x0000017fb0a56000 'jdk/internal/jimage/ImageStrings'
Event: 11543.245 Thread 0x0000017facd02940 Unloading class 0x0000017fb0a55b50 'jdk/internal/jimage/ImageReader$SharedImageReader'
Event: 11543.245 Thread 0x0000017facd02940 Unloading class 0x0000017fb0a55890 'jdk/internal/jimage/BasicImageReader'
Event: 11543.246 Thread 0x0000017facd02940 Unloading class 0x0000017fb0a55670 'jdk/internal/jimage/ImageReader'
Event: 11543.246 Thread 0x0000017facd02940 Unloading class 0x0000017fb0a55448 'jdk/internal/jrtfs/SystemImage$2'
Event: 11543.246 Thread 0x0000017facd02940 Unloading class 0x0000017fb0a55230 'jdk/internal/jrtfs/SystemImage$$Lambda$10290+0x0000017fb0a55230'
Event: 11543.246 Thread 0x0000017facd02940 Unloading class 0x0000017fb0a55000 'jdk/internal/jrtfs/ExplodedImage'
Event: 11543.246 Thread 0x0000017facd02940 Unloading class 0x0000017fb0a54dc8 'jdk/internal/jrtfs/SystemImage$1'
Event: 11543.246 Thread 0x0000017facd02940 Unloading class 0x0000017fb0a54bb0 'jdk/internal/jrtfs/SystemImage'
Event: 11543.246 Thread 0x0000017facd02940 Unloading class 0x0000017fb0a54950 'jdk/internal/jrtfs/JrtFileStore'
Event: 11543.246 Thread 0x0000017facd02940 Unloading class 0x0000017fb0a545d8 'jdk/internal/jrtfs/JrtPath'
Event: 11543.246 Thread 0x0000017facd02940 Unloading class 0x0000017fb0a542e0 'jdk/internal/jrtfs/JrtFileSystem'
Event: 11543.246 Thread 0x0000017facd02940 Unloading class 0x0000017fb0a54000 'jdk/internal/jrtfs/JrtFileSystemProvider'

Classes redefined (0 events):
No events

Internal exceptions (20 events):
Event: 11571.603 Thread 0x0000017ff61afbf0 Implicit null exception at 0x0000017f9ec10509 to 0x0000017f9ec1390c
Event: 11574.162 Thread 0x0000017ff61afbf0 Exception <a 'java/lang/IncompatibleClassChangeError'{0x00000000a3e2d470}: Found class java.lang.Object, but interface was expected> (0x00000000a3e2d470) 
thrown [s\src\hotspot\share\interpreter\linkResolver.cpp, line 826]
Event: 11576.424 Thread 0x0000017ff61afbf0 Exception <a 'java/lang/NoSuchMethodError'{0x000000009fc47c20}: 'java.lang.Object java.lang.invoke.DirectMethodHandle$Holder.newInvokeSpecial(java.lang.Object, java.lang.Object, java.lang.Object, java.lang.Object, int, java.lang.Object, java.lang.Object)'> (0x000000009fc47c20) 
thrown [s\src\hotspot\share\interpreter\linkResolver.cpp, line 759]
Event: 11576.424 Thread 0x0000017ff61afbf0 Exception <a 'java/lang/NoSuchMethodError'{0x000000009fc4cda8}: 'java.lang.Object java.lang.invoke.Invokers$Holder.linkToTargetMethod(java.lang.Object, java.lang.Object, java.lang.Object, int, java.lang.Object, java.lang.Object, java.lang.Object)'> (0x000000009fc4cda8) 
thrown [s\src\hotspot\share\interpreter\linkResolver.cpp, line 759]
Event: 11577.875 Thread 0x0000017ff61afbf0 Exception <a 'java/lang/NoSuchMethodError'{0x000000009e345050}: 'java.lang.Object java.lang.invoke.DirectMethodHandle$Holder.invokeStatic(java.lang.Object, int, java.lang.Object, int)'> (0x000000009e345050) 
thrown [s\src\hotspot\share\interpreter\linkResolver.cpp, line 759]
Event: 11578.061 Thread 0x0000017ff61afbf0 Exception <a 'java/lang/NoSuchMethodError'{0x000000009e1d9930}: 'java.lang.Object java.lang.invoke.DirectMethodHandle$Holder.invokeStatic(java.lang.Object, java.lang.Object, java.lang.Object, int, java.lang.Object, java.lang.Object)'> (0x000000009e1d9930) 
thrown [s\src\hotspot\share\interpreter\linkResolver.cpp, line 759]
Event: 11578.084 Thread 0x0000017ff61afbf0 Exception <a 'java/lang/NoSuchMethodError'{0x000000009e0636a0}: 'int java.lang.invoke.DirectMethodHandle$Holder.invokeStatic(java.lang.Object, java.lang.Object, java.lang.Object, java.lang.Object, java.lang.Object, int, java.lang.Object)'> (0x000000009e0636a0) 
thrown [s\src\hotspot\share\interpreter\linkResolver.cpp, line 759]
Event: 11578.690 Thread 0x0000017ff61afbf0 Exception <a 'java/lang/NoSuchMethodError'{0x000000009d6e7788}: 'int java.lang.invoke.DirectMethodHandle$Holder.invokeStatic(java.lang.Object, java.lang.Object, java.lang.Object, java.lang.Object, java.lang.Object, java.lang.Object, java.lang.Object, java.lang.Object, java.lang.Object)'> (0x000000009d6e7788) 
thrown [s\src\hotspot\share\interpreter\linkResolver.cpp, line 759]
Event: 11582.397 Thread 0x0000017ff61afbf0 Exception <a 'java/lang/NoSuchMethodError'{0x000000009a5084e0}: 'java.lang.Object java.lang.invoke.DirectMethodHandle$Holder.invokeStatic(java.lang.Object, int, java.lang.Object, java.lang.Object, java.lang.Object, java.lang.Object, java.lang.Object)'> (0x000000009a5084e0) 
thrown [s\src\hotspot\share\interpreter\linkResolver.cpp, line 759]
Event: 11586.421 Thread 0x0000017ff61afbf0 Implicit null exception at 0x0000017f9eedc0d5 to 0x0000017f9eedcd80
Event: 11587.561 Thread 0x0000017ff61afbf0 Implicit null exception at 0x0000017f9ecb3374 to 0x0000017f9ecb3453
Event: 11589.960 Thread 0x0000017ff61afbf0 Implicit null exception at 0x0000017f9f020b62 to 0x0000017f9f02a7b0
Event: 11591.276 Thread 0x0000017ff61afbf0 Implicit null exception at 0x0000017f9ff4dac1 to 0x0000017f9ff4eb54
Event: 11593.060 Thread 0x0000017ff61afbf0 Exception <a 'java/lang/NoSuchMethodError'{0x00000000bd7f2538}: 'java.lang.Object java.lang.invoke.DirectMethodHandle$Holder.invokeStatic(java.lang.Object, java.lang.Object, java.lang.Object, java.lang.Object, java.lang.Object, java.lang.Object, int, java.lang.Object)'> (0x00000000bd7f2538) 
thrown [s\src\hotspot\share\interpreter\linkResolver.cpp, line 759]
Event: 11593.085 Thread 0x0000017ff61afbf0 Implicit null exception at 0x0000017f9ff538ae to 0x0000017f9ff55c8c
Event: 11593.983 Thread 0x0000017ff61afbf0 Implicit null exception at 0x0000017f9eec51c4 to 0x0000017f9eec523d
Event: 11601.101 Thread 0x0000017ff61afbf0 Exception <a 'java/lang/NoSuchMethodError'{0x00000000bb416cc0}: 'java.lang.Object java.lang.invoke.DirectMethodHandle$Holder.invokeStatic(java.lang.Object, java.lang.Object, java.lang.Object, java.lang.Object, int, int, java.lang.Object)'> (0x00000000bb416cc0) 
thrown [s\src\hotspot\share\interpreter\linkResolver.cpp, line 759]
Event: 11617.516 Thread 0x0000017ff61afbf0 Implicit null exception at 0x0000017f9f948340 to 0x0000017f9f948774
Event: 11632.289 Thread 0x0000017ff61afbf0 Implicit null exception at 0x0000017f9fbf19f7 to 0x0000017f9fbf2164
Event: 11663.349 Thread 0x0000017ff61afbf0 Implicit null exception at 0x0000017fa04afccf to 0x0000017fa04afd80

VM Operations (20 events):
Event: 11655.898 Executing VM operation: HandshakeAllThreads
Event: 11655.901 Executing VM operation: HandshakeAllThreads done
Event: 11656.381 Executing VM operation: ICBufferFull
Event: 11656.381 Executing VM operation: ICBufferFull done
Event: 11657.354 Executing VM operation: HandshakeAllThreads
Event: 11657.366 Executing VM operation: HandshakeAllThreads done
Event: 11658.366 Executing VM operation: Cleanup
Event: 11658.366 Executing VM operation: Cleanup done
Event: 11660.367 Executing VM operation: Cleanup
Event: 11660.376 Executing VM operation: Cleanup done
Event: 11661.377 Executing VM operation: Cleanup
Event: 11661.382 Executing VM operation: Cleanup done
Event: 11661.606 Executing VM operation: HandshakeAllThreads
Event: 11661.607 Executing VM operation: HandshakeAllThreads done
Event: 11662.374 Executing VM operation: ICBufferFull
Event: 11662.374 Executing VM operation: ICBufferFull done
Event: 11663.374 Executing VM operation: Cleanup
Event: 11663.377 Executing VM operation: Cleanup done
Event: 11664.378 Executing VM operation: Cleanup
Event: 11664.387 Executing VM operation: Cleanup done

Memory protections (0 events):
No events

Nmethod flushes (20 events):
Event: 11661.637 Thread 0x0000017fad41e890 flushing  nmethod 0x0000017fa01af790
Event: 11661.638 Thread 0x0000017fad41e890 flushing  nmethod 0x0000017fa02fbb10
Event: 11661.641 Thread 0x0000017fad41e890 flushing  nmethod 0x0000017f96386010
Event: 11661.658 Thread 0x0000017fad41e890 flushing  nmethod 0x0000017f97114e90
Event: 11661.677 Thread 0x0000017fad41e890 flushing  nmethod 0x0000017f97eefe10
Event: 11661.696 Thread 0x0000017fad41e890 flushing  nmethod 0x0000017f98d9fd90
Event: 11661.701 Thread 0x0000017fad41e890 flushing  nmethod 0x0000017f9906fb10
Event: 11661.717 Thread 0x0000017fad41e890 flushing  nmethod 0x0000017f99cf1a90
Event: 11661.735 Thread 0x0000017fad41e890 flushing  nmethod 0x0000017f9ac2b010
Event: 11661.745 Thread 0x0000017fad41e890 flushing  nmethod 0x0000017f9b2a7990
Event: 11661.747 Thread 0x0000017fad41e890 flushing  nmethod 0x0000017f9b466c90
Event: 11661.758 Thread 0x0000017fad41e890 flushing  nmethod 0x0000017f9be0bb90
Event: 11661.758 Thread 0x0000017fad41e890 flushing  nmethod 0x0000017f9be3f610
Event: 11661.760 Thread 0x0000017fad41e890 flushing  nmethod 0x0000017f9bf76b90
Event: 11661.762 Thread 0x0000017fad41e890 flushing  nmethod 0x0000017f9c1bf910
Event: 11661.762 Thread 0x0000017fad41e890 flushing  nmethod 0x0000017f9c1bfd10
Event: 11661.763 Thread 0x0000017fad41e890 flushing  nmethod 0x0000017f9c34e090
Event: 11661.766 Thread 0x0000017fad41e890 flushing  nmethod 0x0000017f9c4ec710
Event: 11661.771 Thread 0x0000017fad41e890 flushing  nmethod 0x0000017f9c9a7b10
Event: 11661.777 Thread 0x0000017fad41e890 flushing  nmethod 0x0000017f9cefda10

Events (20 events):
Event: 11584.103 Thread 0x0000017fffe000f0 Thread exited: 0x0000017fffe000f0
Event: 11584.494 Thread 0x0000017fad418a20 Thread added: 0x000001800640e900
Event: 11586.020 Thread 0x000001800640e900 Thread exited: 0x000001800640e900
Event: 11589.267 Thread 0x0000017facd3e940 Thread added: 0x000001800a34b2f0
Event: 11590.715 Thread 0x000001800a34b2f0 Thread exited: 0x000001800a34b2f0
Event: 11592.478 Thread 0x0000017fad418a20 Thread added: 0x000001800178f560
Event: 11600.075 Thread 0x000001800178f560 Thread exited: 0x000001800178f560
Event: 11600.166 Thread 0x0000017fad418a20 Thread added: 0x0000018009e7dbf0
Event: 11601.274 Thread 0x00000180017e9260 Thread exited: 0x00000180017e9260
Event: 11608.791 Thread 0x0000018009e7dbf0 Thread exited: 0x0000018009e7dbf0
Event: 11617.534 Thread 0x0000017ff97ca940 Thread exited: 0x0000017ff97ca940
Event: 11628.471 Thread 0x0000017fad418a20 Thread added: 0x000001800a954bb0
Event: 11631.612 Thread 0x0000017fad418a20 Thread added: 0x00000180095c69d0
Event: 11632.328 Thread 0x00000180095c69d0 Thread exited: 0x00000180095c69d0
Event: 11632.328 Thread 0x000001800a954bb0 Thread exited: 0x000001800a954bb0
Event: 11632.370 Thread 0x0000017fad418a20 Thread added: 0x000001800a953bc0
Event: 11632.443 Thread 0x000001800a953bc0 Thread added: 0x000001800178f560
Event: 11660.368 Thread 0x000001800178f560 Thread exited: 0x000001800178f560
Event: 11660.624 Thread 0x0000017fad418a20 Thread added: 0x000001800178f560
Event: 11662.815 Thread 0x000001800178f560 Thread exited: 0x000001800178f560


Dynamic libraries:
0x00007ff738e80000 - 0x00007ff738e8e000 	C:\Program Files\Eclipse Adoptium\jdk-17.0.20.101-hotspot\bin\java.exe
0x00007ffd8cfa0000 - 0x00007ffd8d207000 	C:\WINDOWS\SYSTEM32\ntdll.dll
0x00007ffd8bd70000 - 0x00007ffd8be3b000 	C:\WINDOWS\System32\KERNEL32.DLL
0x00007ffd8a720000 - 0x00007ffd8ab22000 	C:\WINDOWS\System32\KERNELBASE.dll
0x00007ffd8a5c0000 - 0x00007ffd8a70c000 	C:\WINDOWS\System32\ucrtbase.dll
0x00007ffd7e6b0000 - 0x00007ffd7e6ce000 	C:\Program Files\Eclipse Adoptium\jdk-17.0.20.101-hotspot\bin\VCRUNTIME140.dll
0x00007ffd7e630000 - 0x00007ffd7e648000 	C:\Program Files\Eclipse Adoptium\jdk-17.0.20.101-hotspot\bin\jli.dll
0x00007ffd8bf40000 - 0x00007ffd8c10f000 	C:\WINDOWS\System32\USER32.dll
0x00007ffd740b0000 - 0x00007ffd74340000 	C:\WINDOWS\WinSxS\amd64_microsoft.windows.common-controls_6595b64144ccf1df_6.0.26100.9278_none_3e0d1ba8e3303201\COMCTL32.dll
0x00007ffd8a590000 - 0x00007ffd8a5b7000 	C:\WINDOWS\System32\win32u.dll
0x00007ffd8b750000 - 0x00007ffd8b7f9000 	C:\WINDOWS\System32\msvcrt.dll
0x00007ffd8c120000 - 0x00007ffd8c14b000 	C:\WINDOWS\System32\GDI32.dll
0x00007ffd8a460000 - 0x00007ffd8a589000 	C:\WINDOWS\System32\gdi32full.dll
0x00007ffd8a2f0000 - 0x00007ffd8a393000 	C:\WINDOWS\System32\msvcp_win.dll
0x00007ffd8af60000 - 0x00007ffd8af91000 	C:\WINDOWS\System32\IMM32.DLL
0x00007ffd7e600000 - 0x00007ffd7e60c000 	C:\Program Files\Eclipse Adoptium\jdk-17.0.20.101-hotspot\bin\vcruntime140_1.dll
0x00007ffd66b30000 - 0x00007ffd66bbd000 	C:\Program Files\Eclipse Adoptium\jdk-17.0.20.101-hotspot\bin\msvcp140.dll
0x00007ffcee1c0000 - 0x00007ffceee2c000 	C:\Program Files\Eclipse Adoptium\jdk-17.0.20.101-hotspot\bin\server\jvm.dll
0x00007ffd8afa0000 - 0x00007ffd8b05c000 	C:\WINDOWS\System32\ADVAPI32.dll
0x00007ffd8b890000 - 0x00007ffd8b939000 	C:\WINDOWS\System32\sechost.dll
0x00007ffd8c150000 - 0x00007ffd8c268000 	C:\WINDOWS\System32\RPCRT4.dll
0x00007ffd8b800000 - 0x00007ffd8b880000 	C:\WINDOWS\System32\WS2_32.dll
0x00007ffd8a000000 - 0x00007ffd8a05e000 	C:\WINDOWS\SYSTEM32\POWRPROF.dll
0x00007ffd777b0000 - 0x00007ffd777e6000 	C:\WINDOWS\SYSTEM32\WINMM.dll
0x00007ffd82130000 - 0x00007ffd8213b000 	C:\WINDOWS\SYSTEM32\VERSION.dll
0x00007ffd89fe0000 - 0x00007ffd89ff5000 	C:\WINDOWS\SYSTEM32\UMPDC.dll
0x00007ffd88e40000 - 0x00007ffd88e5b000 	C:\WINDOWS\SYSTEM32\kernel.appcore.dll
0x00007ffd7e5f0000 - 0x00007ffd7e5fa000 	C:\Program Files\Eclipse Adoptium\jdk-17.0.20.101-hotspot\bin\jimage.dll
0x00007ffd87500000 - 0x00007ffd8774c000 	C:\WINDOWS\SYSTEM32\DBGHELP.DLL
0x00007ffd8b9e0000 - 0x00007ffd8bd65000 	C:\WINDOWS\System32\combase.dll
0x00007ffd8b600000 - 0x00007ffd8b6d9000 	C:\WINDOWS\System32\OLEAUT32.dll
0x00007ffd6d990000 - 0x00007ffd6d9cb000 	C:\WINDOWS\SYSTEM32\dbgcore.DLL
0x00007ffd8a230000 - 0x00007ffd8a2dc000 	C:\WINDOWS\System32\bcryptPrimitives.dll
0x00007ffd7a690000 - 0x00007ffd7a69e000 	C:\Program Files\Eclipse Adoptium\jdk-17.0.20.101-hotspot\bin\instrument.dll
0x00007ffd7ba10000 - 0x00007ffd7ba35000 	C:\Program Files\Eclipse Adoptium\jdk-17.0.20.101-hotspot\bin\java.dll
0x00007ffd602e0000 - 0x00007ffd603b7000 	C:\Program Files\Eclipse Adoptium\jdk-17.0.20.101-hotspot\bin\jsvml.dll
0x00007ffd8c290000 - 0x00007ffd8ca28000 	C:\WINDOWS\System32\SHELL32.dll
0x00007ffd87c70000 - 0x00007ffd8851e000 	C:\WINDOWS\SYSTEM32\windows.storage.dll
0x00007ffd8be40000 - 0x00007ffd8bf3b000 	C:\WINDOWS\System32\SHCORE.dll
0x00007ffd8cef0000 - 0x00007ffd8cf56000 	C:\WINDOWS\System32\shlwapi.dll
0x00007ffd8a0c0000 - 0x00007ffd8a0e9000 	C:\WINDOWS\SYSTEM32\profapi.dll
0x00007ffd7da00000 - 0x00007ffd7da18000 	C:\Program Files\Eclipse Adoptium\jdk-17.0.20.101-hotspot\bin\zip.dll
0x00007ffd7e280000 - 0x00007ffd7e29a000 	C:\Program Files\Eclipse Adoptium\jdk-17.0.20.101-hotspot\bin\net.dll
0x00007ffd7d720000 - 0x00007ffd7d84a000 	C:\WINDOWS\SYSTEM32\WINHTTP.dll
0x00007ffd89430000 - 0x00007ffd8949c000 	C:\WINDOWS\system32\mswsock.dll
0x00007ffd7da90000 - 0x00007ffd7daa6000 	C:\Program Files\Eclipse Adoptium\jdk-17.0.20.101-hotspot\bin\nio.dll
0x00007ffd7e580000 - 0x00007ffd7e590000 	C:\Program Files\Eclipse Adoptium\jdk-17.0.20.101-hotspot\bin\verify.dll
0x00007ffd7a6a0000 - 0x00007ffd7a6c7000 	C:\Users\ch6vip\.gradle\native\1def1411415f61bf3af743bc5b6707747c0891f09f0c88961ee8f79bc544acac\windows-amd64\native-platform.dll
0x0000000069c60000 - 0x0000000069cd3000 	C:\Users\ch6vip\.gradle\native\0.2.5\x86_64-windows-gnu\gradle-fileevents.dll
0x00007ffd7e030000 - 0x00007ffd7e03a000 	C:\Program Files\Eclipse Adoptium\jdk-17.0.20.101-hotspot\bin\management.dll
0x00007ffd7ba80000 - 0x00007ffd7ba8c000 	C:\Program Files\Eclipse Adoptium\jdk-17.0.20.101-hotspot\bin\management_ext.dll
0x00007ffd8b740000 - 0x00007ffd8b748000 	C:\WINDOWS\System32\PSAPI.DLL
0x00007ffd89720000 - 0x00007ffd8973b000 	C:\WINDOWS\SYSTEM32\CRYPTSP.dll
0x00007ffd88da0000 - 0x00007ffd88dd9000 	C:\WINDOWS\system32\rsaenh.dll
0x00007ffd894e0000 - 0x00007ffd89514000 	C:\WINDOWS\SYSTEM32\USERENV.dll
0x00007ffd8a090000 - 0x00007ffd8a0ba000 	C:\WINDOWS\SYSTEM32\bcrypt.dll
0x00007ffd89740000 - 0x00007ffd8974c000 	C:\WINDOWS\SYSTEM32\CRYPTBASE.dll
0x00007ffd887e0000 - 0x00007ffd88813000 	C:\WINDOWS\SYSTEM32\IPHLPAPI.DLL
0x00007ffd8b9d0000 - 0x00007ffd8b9da000 	C:\WINDOWS\System32\NSI.dll
0x00007ffd7b460000 - 0x00007ffd7b47d000 	C:\WINDOWS\SYSTEM32\dhcpcsvc6.DLL
0x00007ffd7b430000 - 0x00007ffd7b455000 	C:\WINDOWS\SYSTEM32\dhcpcsvc.DLL
0x00007ffd88870000 - 0x00007ffd889c8000 	C:\WINDOWS\SYSTEM32\DNSAPI.dll
0x00007ffd891f0000 - 0x00007ffd891fd000 	C:\WINDOWS\SYSTEM32\DSPARSE.dll
0x00007ffd7b0b0000 - 0x00007ffd7b0b9000 	C:\Program Files\Eclipse Adoptium\jdk-17.0.20.101-hotspot\bin\extnet.dll
0x00007ffd7a650000 - 0x00007ffd7a65e000 	C:\Program Files\Eclipse Adoptium\jdk-17.0.20.101-hotspot\bin\sunmscapi.dll
0x00007ffd8ab30000 - 0x00007ffd8acae000 	C:\WINDOWS\System32\CRYPT32.dll
0x00007ffd89960000 - 0x00007ffd89990000 	C:\WINDOWS\SYSTEM32\ncrypt.dll
0x00007ffd89910000 - 0x00007ffd8994f000 	C:\WINDOWS\SYSTEM32\NTASN1.dll
0x00007ffd6e1a0000 - 0x00007ffd6e1a8000 	C:\WINDOWS\system32\wshunix.dll
0x0000000069be0000 - 0x0000000069c53000 	C:\Users\ch6vip\AppData\Local\Temp\native-platform2221142253277545176dir\gradle-fileevents.dll
0x00007ffd7a0a0000 - 0x00007ffd7a0ab000 	C:\Windows\System32\rasadhlp.dll
0x00007ffd7a3c0000 - 0x00007ffd7a446000 	C:\WINDOWS\System32\fwpuclnt.dll
0x00007ffd692f0000 - 0x00007ffd69308000 	C:\WINDOWS\system32\napinsp.dll
0x00007ffd692d0000 - 0x00007ffd692e3000 	C:\WINDOWS\System32\winrnr.dll
0x00007ffd692a0000 - 0x00007ffd692c7000 	C:\WINDOWS\system32\nlansp_c.dll
0x00007ffd7bc80000 - 0x00007ffd7bc96000 	C:\WINDOWS\system32\wshbth.dll
0x00007ffd88f80000 - 0x00007ffd88fb6000 	C:\WINDOWS\SYSTEM32\ntmarta.dll
0x00007ffd6ce30000 - 0x00007ffd6ce37000 	C:\Program Files\Eclipse Adoptium\jdk-17.0.20.101-hotspot\bin\rmi.dll
0x00007ffd448f0000 - 0x00007ffd44a81000 	C:\Program Files\Eclipse Adoptium\jdk-17.0.20.101-hotspot\bin\awt.dll
0x00007ffd860d0000 - 0x00007ffd8616f000 	C:\WINDOWS\SYSTEM32\apphelp.dll
0x00007ffd86680000 - 0x00007ffd86728000 	C:\WINDOWS\system32\uxtheme.dll
0x00007ffd8cac0000 - 0x00007ffd8cc1b000 	C:\WINDOWS\System32\MSCTF.dll
0x00007ffd8acc0000 - 0x00007ffd8ae5a000 	C:\WINDOWS\System32\ole32.dll

dbghelp: loaded successfully - version: 4.0.5 - missing functions: none
symbol engine: initialized successfully - sym options: 0x614 - pdb path: .;C:\Program Files\Eclipse Adoptium\jdk-17.0.20.101-hotspot\bin;C:\WINDOWS\SYSTEM32;C:\WINDOWS\WinSxS\amd64_microsoft.windows.common-controls_6595b64144ccf1df_6.0.26100.9278_none_3e0d1ba8e3303201;C:\Program Files\Eclipse Adoptium\jdk-17.0.20.101-hotspot\bin\server;C:\Users\ch6vip\.gradle\native\1def1411415f61bf3af743bc5b6707747c0891f09f0c88961ee8f79bc544acac\windows-amd64;C:\Users\ch6vip\.gradle\native\0.2.5\x86_64-windows-gnu;C:\Users\ch6vip\AppData\Local\Temp\native-platform2221142253277545176dir

VM Arguments:
jvm_args: --add-opens=java.base/java.lang=ALL-UNNAMED --add-opens=java.base/java.lang.invoke=ALL-UNNAMED --add-opens=java.base/java.util=ALL-UNNAMED --add-opens=java.prefs/java.util.prefs=ALL-UNNAMED --add-exports=jdk.compiler/com.sun.tools.javac.api=ALL-UNNAMED --add-exports=jdk.compiler/com.sun.tools.javac.util=ALL-UNNAMED --add-opens=java.base/java.util=ALL-UNNAMED --add-opens=java.prefs/java.util.prefs=ALL-UNNAMED --add-opens=java.base/java.nio.charset=ALL-UNNAMED --add-opens=java.base/java.net=ALL-UNNAMED --add-opens=java.base/java.util.concurrent.atomic=ALL-UNNAMED --add-opens=java.xml/javax.xml.namespace=ALL-UNNAMED -Xmx2g -Dfile.encoding=UTF-8 -Duser.country=CN -Duser.language=zh -Duser.variant -javaagent:C:\Users\ch6vip\.gradle\wrapper\dists\gradle-8.12-bin\cetblhg4pflnnks72fxwobvgv\gradle-8.12\lib\agents\gradle-instrumentation-agent-8.12.jar 
java_command: org.gradle.launcher.daemon.bootstrap.GradleDaemon 8.12
java_class_path (initial): C:\Users\ch6vip\.gradle\wrapper\dists\gradle-8.12-bin\cetblhg4pflnnks72fxwobvgv\gradle-8.12\lib\gradle-daemon-main-8.12.jar
Launcher Type: SUN_STANDARD

[Global flags]
     intx CICompilerCount                          = 4                                         {product} {ergonomic}
     uint ConcGCThreads                            = 2                                         {product} {ergonomic}
     uint G1ConcRefinementThreads                  = 8                                         {product} {ergonomic}
   size_t G1HeapRegionSize                         = 1048576                                   {product} {ergonomic}
    uintx GCDrainStackTargetSize                   = 64                                        {product} {ergonomic}
   size_t InitialHeapSize                          = 134217728                                 {product} {ergonomic}
   size_t MarkStackSize                            = 4194304                                   {product} {ergonomic}
   size_t MaxHeapSize                              = 2147483648                                {product} {command line}
   size_t MaxNewSize                               = 1287651328                                {product} {ergonomic}
   size_t MinHeapDeltaBytes                        = 1048576                                   {product} {ergonomic}
   size_t MinHeapSize                              = 8388608                                   {product} {ergonomic}
    uintx NonNMethodCodeHeapSize                   = 5839372                                {pd product} {ergonomic}
    uintx NonProfiledCodeHeapSize                  = 122909434                              {pd product} {ergonomic}
    uintx ProfiledCodeHeapSize                     = 122909434                              {pd product} {ergonomic}
    uintx ReservedCodeCacheSize                    = 251658240                              {pd product} {ergonomic}
     bool SegmentedCodeCache                       = true                                      {product} {ergonomic}
   size_t SoftMaxHeapSize                          = 2147483648                             {manageable} {ergonomic}
     bool UseCompressedClassPointers               = true                           {product lp64_product} {ergonomic}
     bool UseCompressedOops                        = true                           {product lp64_product} {ergonomic}
     bool UseG1GC                                  = true                                      {product} {ergonomic}
     bool UseLargePagesIndividualAllocation        = false                                  {pd product} {ergonomic}

Logging:
Log output configuration:
 #0: stdout all=warning uptime,level,tags
 #1: stderr all=off uptime,level,tags

Environment Variables:
JAVA_HOME=C:\Program Files\Eclipse Adoptium\jdk-17.0.20.101-hotspot\
PATH=C:\Users\ch6vip\bin;C:\Program Files\Git\mingw64\bin;C:\Program Files\Git\usr\local\bin;C:\Program Files\Git\usr\bin;C:\Program Files\Git\usr\bin;C:\Program Files\Git\mingw64\bin;C:\Program Files\Git\usr\bin;C:\Users\ch6vip\bin;C:\Program Files\Eclipse Adoptium\jdk-17.0.20.101-hotspot\bin;C:\Program Files\Eclipse Adoptium\jdk-25.0.3.9-hotspot\bin;C:\Program Files\Microsoft\jdk-21.0.11.10-hotspot\bin;C:\WINDOWS\system32;C:\WINDOWS;C:\WINDOWS\System32\Wbem;C:\WINDOWS\System32\WindowsPowerShell\v1.0;C:\WINDOWS\System32\OpenSSH;C:\WINDOWS\AtlasModules;C:\WINDOWS\AtlasModules\Tools;C:\WINDOWS\AtlasModules\Scripts;C:\Program Files\Git\cmd;C:\Program Files\GitHub CLI;C:\Users\ch6vip\AppData\Local\Microsoft\WindowsApps;C:\Users\ch6vip\AppData\Local\Microsoft\WinGet\Packages\zufuliu.notepad4_Microsoft.Winget.Source_8wekyb3d8bbwe;C:\Users\ch6vip\AppData\Local\Microsoft\WinGet\Links;C:\Users\ch6vip\AppData\Local\Python\bin;C:\Users\ch6vip\AppData\Local\Microsoft\WinGet\Packages\Skylot.jadx_Microsoft.Winget.Source_8wekyb3d8bbwe;C:\tools\jadx\bin;C:\Program Files\nodejs;C:\Program Files\dotnet;C:\Program Files\Go\bin;%SystemRoot%\system32;%SystemRoot%;%SystemRoot%\System32\Wbem;%SYSTEMROOT%\System32\WindowsPowerShell\v1.0;%SYSTEMROOT%\System32\OpenSSH;C:\Users\ch6vip\scoop\apps\mingw\current\bin;C:\Users\ch6vip\scoop\shims;C:\Users\ch6vip\.cargo\bin;C:\Users\ch6vip\AppData\Roaming\npm;C:\Users\ch6vip\flutter\bin;C:\Users\ch6vip\AppData\Local\Microsoft\WinGet\Packages\BurntSushi.ripgrep.MSVC_Microsoft.Winget.Source_8wekyb3d8bbwe\ripgrep-15.2.0-x86_64-pc-windows-msvc;C:\Users\ch6vip\AppData\Local\Microsoft\WinGet\Packages\Gyan.FFmpeg_Microsoft.Winget.Source_8wekyb3d8bbwe\ffmpeg-8.1.2-full_build\bin;C:\Users\ch6vip\AppData\Local\Python\pythoncore-3.14-64\Scripts;C:\Users\ch6vip\.qoder\bin\qodercli;C:\Users\ch6vip\go\bin;C:\android-sdk\platform-tools;%USERPROFILE%\AppData\Local\Microsoft\WindowsApps;C:\Users\ch6vip\AppData\Local\Programs\ZCode\resources\tools\ripgrep;C:\Users\ch6vip\AppData\Local\Programs\ZCode\resources\tools\ugrep;C:\Program Files\nodejs;C:\Program Files\Git\usr\bin\vendor_perl;C:\Program Files\Git\usr\bin\core_perl
USERNAME=ch6vip
SHELL=C:\Program Files\Git\usr\bin\bash.exe
LANG=C.UTF-8
LC_CTYPE=C.UTF-8
TERM=xterm-256color
OS=Windows_NT
PROCESSOR_IDENTIFIER=Intel64 Family 6 Model 142 Stepping 10, GenuineIntel
TMP=C:\Users\ch6vip\AppData\Local\Temp
TEMP=C:\Users\ch6vip\AppData\Local\Temp



Periodic native trim disabled


---------------  S Y S T E M  ---------------

OS:
 Windows 11 , 64 bit Build 26100 (10.0.26100.9444)
OS uptime: 2 days 0:17 hours
Hyper-V role detected

CPU: total 8 (initial active 8) (4 cores per cpu, 2 threads per core) family 6 model 142 stepping 10 microcode 0xe0, cx8, cmov, fxsr, ht, mmx, 3dnowpref, sse, sse2, sse3, ssse3, sse4.1, sse4.2, popcnt, lzcnt, tsc, tscinvbit, avx, avx2, aes, erms, clmul, bmi1, bmi2, adx, fma, vzeroupper, clflush, clflushopt, hv
Processor Information for all 8 processors :
  Max Mhz: 1800, Current Mhz: 1600, Mhz Limit: 1584

Memory: 4k page, system-wide physical 8073M (353M free)
TotalPageFile size 30348M (AvailPageFile size 1M)
current process WorkingSet (physical memory assigned to process): 1031M, peak: 1400M
current process commit charge ("private bytes"): 1850M, peak: 2025M

vm_info: OpenJDK 64-Bit Server VM (17.0.20.1+1) for windows-amd64 JRE (17.0.20.1+1), built on Aug 18 2026 20:44:09 by "admin" with MS VC++ 17.12 (VS2022)

END.
